[2025-10-28 20:51:12] local.ERROR: View [users.fiches.pdf.pages-.sujet] not found. (View: /home/lemaycon/app.lemayconsulting.com/resources/views/users/fiches/pdf/index.blade.php) {"userId":25,"exception":"[object] (Facade\\Ignition\\Exceptions\\ViewException(code: 0): View [users.fiches.pdf.pages-.sujet] not found. (View: /home/lemaycon/app.lemayconsulting.com/resources/views/users/fiches/pdf/index.blade.php) at /home/lemaycon/app.lemayconsulting.com/vendor/laravel/framework/src/Illuminate/View/FileViewFinder.php:137)
[stacktrace]
#0 /home/lemaycon/app.lemayconsulting.com/vendor/laravel/framework/src/Illuminate/View/FileViewFinder.php(79): Illuminate\\View\\FileViewFinder->findInPaths('users.fiches.pd...', Array)
#1 /home/lemaycon/app.lemayconsulting.com/vendor/laravel/framework/src/Illuminate/View/Factory.php(131): Illuminate\\View\\FileViewFinder->find('users.fiches.pd...')
#2 /home/lemaycon/app.lemayconsulting.com/resources/views/users/fiches/pdf/index.blade.php(180): Illuminate\\View\\Factory->make('users.fiches.pd...', Array)
#3 /home/lemaycon/app.lemayconsulting.com/vendor/laravel/framework/src/Illuminate/View/Engines/PhpEngine.php(43): include('/home/lemaycon/...')
#4 /home/lemaycon/app.lemayconsulting.com/vendor/laravel/framework/src/Illuminate/View/Engines/CompilerEngine.php(59): Illuminate\\View\\Engines\\PhpEngine->evaluatePath('/home/lemaycon/...', Array)
#5 /home/lemaycon/app.lemayconsulting.com/vendor/facade/ignition/src/Views/Engines/CompilerEngine.php(36): Illuminate\\View\\Engines\\CompilerEngine->get('/home/lemaycon/...', Array)
#6 /home/lemaycon/app.lemayconsulting.com/vendor/laravel/framework/src/Illuminate/View/View.php(143): Facade\\Ignition\\Views\\Engines\\CompilerEngine->get('/home/lemaycon/...', Array)
#7 /home/lemaycon/app.lemayconsulting.com/vendor/laravel/framework/src/Illuminate/View/View.php(126): Illuminate\\View\\View->getContents()
#8 /home/lemaycon/app.lemayconsulting.com/vendor/laravel/framework/src/Illuminate/View/View.php(91): Illuminate\\View\\View->renderContents()
#9 /home/lemaycon/app.lemayconsulting.com/vendor/barryvdh/laravel-dompdf/src/PDF.php(132): Illuminate\\View\\View->render()
#10 /home/lemaycon/app.lemayconsulting.com/vendor/barryvdh/laravel-dompdf/src/Facade.php(31): Barryvdh\\DomPDF\\PDF->loadView('users.fiches.pd...', Array)
#11 /home/lemaycon/app.lemayconsulting.com/app/Http/Controllers/FicheController.php(887): Barryvdh\\DomPDF\\Facade::__callStatic('loadView', Array)
#12 [internal function]: App\\Http\\Controllers\\FicheController->downloadPDF('9189')
#13 /home/lemaycon/app.lemayconsulting.com/vendor/laravel/framework/src/Illuminate/Routing/Controller.php(54): call_user_func_array(Array, Array)
#14 /home/lemaycon/app.lemayconsulting.com/vendor/laravel/framework/src/Illuminate/Routing/ControllerDispatcher.php(45): Illuminate\\Routing\\Controller->callAction('downloadPDF', Array)
#15 /home/lemaycon/app.lemayconsulting.com/vendor/laravel/framework/src/Illuminate/Routing/Route.php(219): Illuminate\\Routing\\ControllerDispatcher->dispatch(Object(Illuminate\\Routing\\Route), Object(App\\Http\\Controllers\\FicheController), 'downloadPDF')
#16 /home/lemaycon/app.lemayconsulting.com/vendor/laravel/framework/src/Illuminate/Routing/Route.php(176): Illuminate\\Routing\\Route->runController()
#17 /home/lemaycon/app.lemayconsulting.com/vendor/laravel/framework/src/Illuminate/Routing/Router.php(681): Illuminate\\Routing\\Route->run()
#18 /home/lemaycon/app.lemayconsulting.com/vendor/laravel/framework/src/Illuminate/Pipeline/Pipeline.php(130): Illuminate\\Routing\\Router->Illuminate\\Routing\\{closure}(Object(Illuminate\\Http\\Request))
#19 /home/lemaycon/app.lemayconsulting.com/app/Http/Middleware/IsUser.php(19): Illuminate\\Pipeline\\Pipeline->Illuminate\\Pipeline\\{closure}(Object(Illuminate\\Http\\Request))
#20 /home/lemaycon/app.lemayconsulting.com/vendor/laravel/framework/src/Illuminate/Pipeline/Pipeline.php(171): App\\Http\\Middleware\\IsUser->handle(Object(Illuminate\\Http\\Request), Object(Closure))
#21 /home/lemaycon/app.lemayconsulting.com/vendor/laravel/framework/src/Illuminate/Routing/Middleware/SubstituteBindings.php(41): Illuminate\\Pipeline\\Pipeline->Illuminate\\Pipeline\\{closure}(Object(Illuminate\\Http\\Request))
#22 /home/lemaycon/app.lemayconsulting.com/vendor/laravel/framework/src/Illuminate/Pipeline/Pipeline.php(171): Illuminate\\Routing\\Middleware\\SubstituteBindings->handle(Object(Illuminate\\Http\\Request), Object(Closure))
#23 /home/lemaycon/app.lemayconsulting.com/vendor/laravel/framework/src/Illuminate/Auth/Middleware/Authenticate.php(43): Illuminate\\Pipeline\\Pipeline->Illuminate\\Pipeline\\{closure}(Object(Illuminate\\Http\\Request))
#24 /home/lemaycon/app.lemayconsulting.com/vendor/laravel/framework/src/Illuminate/Pipeline/Pipeline.php(171): Illuminate\\Auth\\Middleware\\Authenticate->handle(Object(Illuminate\\Http\\Request), Object(Closure))
#25 /home/lemaycon/app.lemayconsulting.com/vendor/laravel/framework/src/Illuminate/Foundation/Http/Middleware/VerifyCsrfToken.php(76): Illuminate\\Pipeline\\Pipeline->Illuminate\\Pipeline\\{closure}(Object(Illuminate\\Http\\Request))
#26 /home/lemaycon/app.lemayconsulting.com/vendor/laravel/framework/src/Illuminate/Pipeline/Pipeline.php(171): Illuminate\\Foundation\\Http\\Middleware\\VerifyCsrfToken->handle(Object(Illuminate\\Http\\Request), Object(Closure))
#27 /home/lemaycon/app.lemayconsulting.com/vendor/laravel/framework/src/Illuminate/View/Middleware/ShareErrorsFromSession.php(49): Illuminate\\Pipeline\\Pipeline->Illuminate\\Pipeline\\{closure}(Object(Illuminate\\Http\\Request))
#28 /home/lemaycon/app.lemayconsulting.com/vendor/laravel/framework/src/Illuminate/Pipeline/Pipeline.php(171): Illuminate\\View\\Middleware\\ShareErrorsFromSession->handle(Object(Illuminate\\Http\\Request), Object(Closure))
#29 /home/lemaycon/app.lemayconsulting.com/app/Http/Middleware/SetLocale.php(16): Illuminate\\Pipeline\\Pipeline->Illuminate\\Pipeline\\{closure}(Object(Illuminate\\Http\\Request))
#30 /home/lemaycon/app.lemayconsulting.com/vendor/laravel/framework/src/Illuminate/Pipeline/Pipeline.php(171): App\\Http\\Middleware\\SetLocale->handle(Object(Illuminate\\Http\\Request), Object(Closure))
#31 /home/lemaycon/app.lemayconsulting.com/vendor/laravel/framework/src/Illuminate/Session/Middleware/StartSession.php(56): Illuminate\\Pipeline\\Pipeline->Illuminate\\Pipeline\\{closure}(Object(Illuminate\\Http\\Request))
#32 /home/lemaycon/app.lemayconsulting.com/vendor/laravel/framework/src/Illuminate/Pipeline/Pipeline.php(171): Illuminate\\Session\\Middleware\\StartSession->handle(Object(Illuminate\\Http\\Request), Object(Closure))
#33 /home/lemaycon/app.lemayconsulting.com/vendor/laravel/framework/src/Illuminate/Cookie/Middleware/AddQueuedCookiesToResponse.php(37): Illuminate\\Pipeline\\Pipeline->Illuminate\\Pipeline\\{closure}(Object(Illuminate\\Http\\Request))
#34 /home/lemaycon/app.lemayconsulting.com/vendor/laravel/framework/src/Illuminate/Pipeline/Pipeline.php(171): Illuminate\\Cookie\\Middleware\\AddQueuedCookiesToResponse->handle(Object(Illuminate\\Http\\Request), Object(Closure))
#35 /home/lemaycon/app.lemayconsulting.com/vendor/laravel/framework/src/Illuminate/Cookie/Middleware/EncryptCookies.php(66): Illuminate\\Pipeline\\Pipeline->Illuminate\\Pipeline\\{closure}(Object(Illuminate\\Http\\Request))
#36 /home/lemaycon/app.lemayconsulting.com/vendor/laravel/framework/src/Illuminate/Pipeline/Pipeline.php(171): Illuminate\\Cookie\\Middleware\\EncryptCookies->handle(Object(Illuminate\\Http\\Request), Object(Closure))
#37 /home/lemaycon/app.lemayconsulting.com/vendor/laravel/framework/src/Illuminate/Pipeline/Pipeline.php(105): Illuminate\\Pipeline\\Pipeline->Illuminate\\Pipeline\\{closure}(Object(Illuminate\\Http\\Request))
#38 /home/lemaycon/app.lemayconsulting.com/vendor/laravel/framework/src/Illuminate/Routing/Router.php(683): Illuminate\\Pipeline\\Pipeline->then(Object(Closure))
#39 /home/lemaycon/app.lemayconsulting.com/vendor/laravel/framework/src/Illuminate/Routing/Router.php(658): Illuminate\\Routing\\Router->runRouteWithinStack(Object(Illuminate\\Routing\\Route), Object(Illuminate\\Http\\Request))
#40 /home/lemaycon/app.lemayconsulting.com/vendor/laravel/framework/src/Illuminate/Routing/Router.php(624): Illuminate\\Routing\\Router->runRoute(Object(Illuminate\\Http\\Request), Object(Illuminate\\Routing\\Route))
#41 /home/lemaycon/app.lemayconsulting.com/vendor/laravel/framework/src/Illuminate/Routing/Router.php(613): Illuminate\\Routing\\Router->dispatchToRoute(Object(Illuminate\\Http\\Request))
#42 /home/lemaycon/app.lemayconsulting.com/vendor/laravel/framework/src/Illuminate/Foundation/Http/Kernel.php(170): Illuminate\\Routing\\Router->dispatch(Object(Illuminate\\Http\\Request))
#43 /home/lemaycon/app.lemayconsulting.com/vendor/laravel/framework/src/Illuminate/Pipeline/Pipeline.php(130): Illuminate\\Foundation\\Http\\Kernel->Illuminate\\Foundation\\Http\\{closure}(Object(Illuminate\\Http\\Request))
#44 /home/lemaycon/app.lemayconsulting.com/vendor/laravel/framework/src/Illuminate/Foundation/Http/Middleware/TransformsRequest.php(21): Illuminate\\Pipeline\\Pipeline->Illuminate\\Pipeline\\{closure}(Object(Illuminate\\Http\\Request))
#45 /home/lemaycon/app.lemayconsulting.com/vendor/laravel/framework/src/Illuminate/Pipeline/Pipeline.php(171): Illuminate\\Foundation\\Http\\Middleware\\TransformsRequest->handle(Object(Illuminate\\Http\\Request), Object(Closure))
#46 /home/lemaycon/app.lemayconsulting.com/vendor/laravel/framework/src/Illuminate/Foundation/Http/Middleware/TransformsRequest.php(21): Illuminate\\Pipeline\\Pipeline->Illuminate\\Pipeline\\{closure}(Object(Illuminate\\Http\\Request))
#47 /home/lemaycon/app.lemayconsulting.com/vendor/laravel/framework/src/Illuminate/Pipeline/Pipeline.php(171): Illuminate\\Foundation\\Http\\Middleware\\TransformsRequest->handle(Object(Illuminate\\Http\\Request), Object(Closure))
#48 /home/lemaycon/app.lemayconsulting.com/vendor/laravel/framework/src/Illuminate/Foundation/Http/Middleware/ValidatePostSize.php(27): Illuminate\\Pipeline\\Pipeline->Illuminate\\Pipeline\\{closure}(Object(Illuminate\\Http\\Request))
#49 /home/lemaycon/app.lemayconsulting.com/vendor/laravel/framework/src/Illuminate/Pipeline/Pipeline.php(171): Illuminate\\Foundation\\Http\\Middleware\\ValidatePostSize->handle(Object(Illuminate\\Http\\Request), Object(Closure))
#50 /home/lemaycon/app.lemayconsulting.com/vendor/laravel/framework/src/Illuminate/Foundation/Http/Middleware/CheckForMaintenanceMode.php(63): Illuminate\\Pipeline\\Pipeline->Illuminate\\Pipeline\\{closure}(Object(Illuminate\\Http\\Request))
#51 /home/lemaycon/app.lemayconsulting.com/vendor/laravel/framework/src/Illuminate/Pipeline/Pipeline.php(171): Illuminate\\Foundation\\Http\\Middleware\\CheckForMaintenanceMode->handle(Object(Illuminate\\Http\\Request), Object(Closure))
#52 /home/lemaycon/app.lemayconsulting.com/vendor/fideloper/proxy/src/TrustProxies.php(57): Illuminate\\Pipeline\\Pipeline->Illuminate\\Pipeline\\{closure}(Object(Illuminate\\Http\\Request))
#53 /home/lemaycon/app.lemayconsulting.com/vendor/laravel/framework/src/Illuminate/Pipeline/Pipeline.php(171): Fideloper\\Proxy\\TrustProxies->handle(Object(Illuminate\\Http\\Request), Object(Closure))
#54 /home/lemaycon/app.lemayconsulting.com/vendor/laravel/framework/src/Illuminate/Pipeline/Pipeline.php(105): Illuminate\\Pipeline\\Pipeline->Illuminate\\Pipeline\\{closure}(Object(Illuminate\\Http\\Request))
#55 /home/lemaycon/app.lemayconsulting.com/vendor/laravel/framework/src/Illuminate/Foundation/Http/Kernel.php(145): Illuminate\\Pipeline\\Pipeline->then(Object(Closure))
#56 /home/lemaycon/app.lemayconsulting.com/vendor/laravel/framework/src/Illuminate/Foundation/Http/Kernel.php(110): Illuminate\\Foundation\\Http\\Kernel->sendRequestThroughRouter(Object(Illuminate\\Http\\Request))
#57 /home/lemaycon/app.lemayconsulting.com/public/index.php(55): Illuminate\\Foundation\\Http\\Kernel->handle(Object(Illuminate\\Http\\Request))
#58 {main}

[previous exception] [object] (InvalidArgumentException(code: 0): View [users.fiches.pdf.pages-.sujet] not found. at /home/lemaycon/app.lemayconsulting.com/vendor/laravel/framework/src/Illuminate/View/FileViewFinder.php:137)
[stacktrace]
#0 /home/lemaycon/app.lemayconsulting.com/vendor/laravel/framework/src/Illuminate/View/FileViewFinder.php(79): Illuminate\\View\\FileViewFinder->findInPaths('users.fiches.pd...', Array)
#1 /home/lemaycon/app.lemayconsulting.com/vendor/laravel/framework/src/Illuminate/View/Factory.php(131): Illuminate\\View\\FileViewFinder->find('users.fiches.pd...')
#2 /home/lemaycon/app.lemayconsulting.com/storage/framework/views/c707b6d7e11efa29b45b8ef0a891819910b60746.php(180): Illuminate\\View\\Factory->make('users.fiches.pd...', Array)
#3 /home/lemaycon/app.lemayconsulting.com/vendor/laravel/framework/src/Illuminate/View/Engines/PhpEngine.php(43): include('/home/lemaycon/...')
#4 /home/lemaycon/app.lemayconsulting.com/vendor/laravel/framework/src/Illuminate/View/Engines/CompilerEngine.php(59): Illuminate\\View\\Engines\\PhpEngine->evaluatePath('/home/lemaycon/...', Array)
#5 /home/lemaycon/app.lemayconsulting.com/vendor/facade/ignition/src/Views/Engines/CompilerEngine.php(36): Illuminate\\View\\Engines\\CompilerEngine->get('/home/lemaycon/...', Array)
#6 /home/lemaycon/app.lemayconsulting.com/vendor/laravel/framework/src/Illuminate/View/View.php(143): Facade\\Ignition\\Views\\Engines\\CompilerEngine->get('/home/lemaycon/...', Array)
#7 /home/lemaycon/app.lemayconsulting.com/vendor/laravel/framework/src/Illuminate/View/View.php(126): Illuminate\\View\\View->getContents()
#8 /home/lemaycon/app.lemayconsulting.com/vendor/laravel/framework/src/Illuminate/View/View.php(91): Illuminate\\View\\View->renderContents()
#9 /home/lemaycon/app.lemayconsulting.com/vendor/barryvdh/laravel-dompdf/src/PDF.php(132): Illuminate\\View\\View->render()
#10 /home/lemaycon/app.lemayconsulting.com/vendor/barryvdh/laravel-dompdf/src/Facade.php(31): Barryvdh\\DomPDF\\PDF->loadView('users.fiches.pd...', Array)
#11 /home/lemaycon/app.lemayconsulting.com/app/Http/Controllers/FicheController.php(887): Barryvdh\\DomPDF\\Facade::__callStatic('loadView', Array)
#12 [internal function]: App\\Http\\Controllers\\FicheController->downloadPDF('9189')
#13 /home/lemaycon/app.lemayconsulting.com/vendor/laravel/framework/src/Illuminate/Routing/Controller.php(54): call_user_func_array(Array, Array)
#14 /home/lemaycon/app.lemayconsulting.com/vendor/laravel/framework/src/Illuminate/Routing/ControllerDispatcher.php(45): Illuminate\\Routing\\Controller->callAction('downloadPDF', Array)
#15 /home/lemaycon/app.lemayconsulting.com/vendor/laravel/framework/src/Illuminate/Routing/Route.php(219): Illuminate\\Routing\\ControllerDispatcher->dispatch(Object(Illuminate\\Routing\\Route), Object(App\\Http\\Controllers\\FicheController), 'downloadPDF')
#16 /home/lemaycon/app.lemayconsulting.com/vendor/laravel/framework/src/Illuminate/Routing/Route.php(176): Illuminate\\Routing\\Route->runController()
#17 /home/lemaycon/app.lemayconsulting.com/vendor/laravel/framework/src/Illuminate/Routing/Router.php(681): Illuminate\\Routing\\Route->run()
#18 /home/lemaycon/app.lemayconsulting.com/vendor/laravel/framework/src/Illuminate/Pipeline/Pipeline.php(130): Illuminate\\Routing\\Router->Illuminate\\Routing\\{closure}(Object(Illuminate\\Http\\Request))
#19 /home/lemaycon/app.lemayconsulting.com/app/Http/Middleware/IsUser.php(19): Illuminate\\Pipeline\\Pipeline->Illuminate\\Pipeline\\{closure}(Object(Illuminate\\Http\\Request))
#20 /home/lemaycon/app.lemayconsulting.com/vendor/laravel/framework/src/Illuminate/Pipeline/Pipeline.php(171): App\\Http\\Middleware\\IsUser->handle(Object(Illuminate\\Http\\Request), Object(Closure))
#21 /home/lemaycon/app.lemayconsulting.com/vendor/laravel/framework/src/Illuminate/Routing/Middleware/SubstituteBindings.php(41): Illuminate\\Pipeline\\Pipeline->Illuminate\\Pipeline\\{closure}(Object(Illuminate\\Http\\Request))
#22 /home/lemaycon/app.lemayconsulting.com/vendor/laravel/framework/src/Illuminate/Pipeline/Pipeline.php(171): Illuminate\\Routing\\Middleware\\SubstituteBindings->handle(Object(Illuminate\\Http\\Request), Object(Closure))
#23 /home/lemaycon/app.lemayconsulting.com/vendor/laravel/framework/src/Illuminate/Auth/Middleware/Authenticate.php(43): Illuminate\\Pipeline\\Pipeline->Illuminate\\Pipeline\\{closure}(Object(Illuminate\\Http\\Request))
#24 /home/lemaycon/app.lemayconsulting.com/vendor/laravel/framework/src/Illuminate/Pipeline/Pipeline.php(171): Illuminate\\Auth\\Middleware\\Authenticate->handle(Object(Illuminate\\Http\\Request), Object(Closure))
#25 /home/lemaycon/app.lemayconsulting.com/vendor/laravel/framework/src/Illuminate/Foundation/Http/Middleware/VerifyCsrfToken.php(76): Illuminate\\Pipeline\\Pipeline->Illuminate\\Pipeline\\{closure}(Object(Illuminate\\Http\\Request))
#26 /home/lemaycon/app.lemayconsulting.com/vendor/laravel/framework/src/Illuminate/Pipeline/Pipeline.php(171): Illuminate\\Foundation\\Http\\Middleware\\VerifyCsrfToken->handle(Object(Illuminate\\Http\\Request), Object(Closure))
#27 /home/lemaycon/app.lemayconsulting.com/vendor/laravel/framework/src/Illuminate/View/Middleware/ShareErrorsFromSession.php(49): Illuminate\\Pipeline\\Pipeline->Illuminate\\Pipeline\\{closure}(Object(Illuminate\\Http\\Request))
#28 /home/lemaycon/app.lemayconsulting.com/vendor/laravel/framework/src/Illuminate/Pipeline/Pipeline.php(171): Illuminate\\View\\Middleware\\ShareErrorsFromSession->handle(Object(Illuminate\\Http\\Request), Object(Closure))
#29 /home/lemaycon/app.lemayconsulting.com/app/Http/Middleware/SetLocale.php(16): Illuminate\\Pipeline\\Pipeline->Illuminate\\Pipeline\\{closure}(Object(Illuminate\\Http\\Request))
#30 /home/lemaycon/app.lemayconsulting.com/vendor/laravel/framework/src/Illuminate/Pipeline/Pipeline.php(171): App\\Http\\Middleware\\SetLocale->handle(Object(Illuminate\\Http\\Request), Object(Closure))
#31 /home/lemaycon/app.lemayconsulting.com/vendor/laravel/framework/src/Illuminate/Session/Middleware/StartSession.php(56): Illuminate\\Pipeline\\Pipeline->Illuminate\\Pipeline\\{closure}(Object(Illuminate\\Http\\Request))
#32 /home/lemaycon/app.lemayconsulting.com/vendor/laravel/framework/src/Illuminate/Pipeline/Pipeline.php(171): Illuminate\\Session\\Middleware\\StartSession->handle(Object(Illuminate\\Http\\Request), Object(Closure))
#33 /home/lemaycon/app.lemayconsulting.com/vendor/laravel/framework/src/Illuminate/Cookie/Middleware/AddQueuedCookiesToResponse.php(37): Illuminate\\Pipeline\\Pipeline->Illuminate\\Pipeline\\{closure}(Object(Illuminate\\Http\\Request))
#34 /home/lemaycon/app.lemayconsulting.com/vendor/laravel/framework/src/Illuminate/Pipeline/Pipeline.php(171): Illuminate\\Cookie\\Middleware\\AddQueuedCookiesToResponse->handle(Object(Illuminate\\Http\\Request), Object(Closure))
#35 /home/lemaycon/app.lemayconsulting.com/vendor/laravel/framework/src/Illuminate/Cookie/Middleware/EncryptCookies.php(66): Illuminate\\Pipeline\\Pipeline->Illuminate\\Pipeline\\{closure}(Object(Illuminate\\Http\\Request))
#36 /home/lemaycon/app.lemayconsulting.com/vendor/laravel/framework/src/Illuminate/Pipeline/Pipeline.php(171): Illuminate\\Cookie\\Middleware\\EncryptCookies->handle(Object(Illuminate\\Http\\Request), Object(Closure))
#37 /home/lemaycon/app.lemayconsulting.com/vendor/laravel/framework/src/Illuminate/Pipeline/Pipeline.php(105): Illuminate\\Pipeline\\Pipeline->Illuminate\\Pipeline\\{closure}(Object(Illuminate\\Http\\Request))
#38 /home/lemaycon/app.lemayconsulting.com/vendor/laravel/framework/src/Illuminate/Routing/Router.php(683): Illuminate\\Pipeline\\Pipeline->then(Object(Closure))
#39 /home/lemaycon/app.lemayconsulting.com/vendor/laravel/framework/src/Illuminate/Routing/Router.php(658): Illuminate\\Routing\\Router->runRouteWithinStack(Object(Illuminate\\Routing\\Route), Object(Illuminate\\Http\\Request))
#40 /home/lemaycon/app.lemayconsulting.com/vendor/laravel/framework/src/Illuminate/Routing/Router.php(624): Illuminate\\Routing\\Router->runRoute(Object(Illuminate\\Http\\Request), Object(Illuminate\\Routing\\Route))
#41 /home/lemaycon/app.lemayconsulting.com/vendor/laravel/framework/src/Illuminate/Routing/Router.php(613): Illuminate\\Routing\\Router->dispatchToRoute(Object(Illuminate\\Http\\Request))
#42 /home/lemaycon/app.lemayconsulting.com/vendor/laravel/framework/src/Illuminate/Foundation/Http/Kernel.php(170): Illuminate\\Routing\\Router->dispatch(Object(Illuminate\\Http\\Request))
#43 /home/lemaycon/app.lemayconsulting.com/vendor/laravel/framework/src/Illuminate/Pipeline/Pipeline.php(130): Illuminate\\Foundation\\Http\\Kernel->Illuminate\\Foundation\\Http\\{closure}(Object(Illuminate\\Http\\Request))
#44 /home/lemaycon/app.lemayconsulting.com/vendor/laravel/framework/src/Illuminate/Foundation/Http/Middleware/TransformsRequest.php(21): Illuminate\\Pipeline\\Pipeline->Illuminate\\Pipeline\\{closure}(Object(Illuminate\\Http\\Request))
#45 /home/lemaycon/app.lemayconsulting.com/vendor/laravel/framework/src/Illuminate/Pipeline/Pipeline.php(171): Illuminate\\Foundation\\Http\\Middleware\\TransformsRequest->handle(Object(Illuminate\\Http\\Request), Object(Closure))
#46 /home/lemaycon/app.lemayconsulting.com/vendor/laravel/framework/src/Illuminate/Foundation/Http/Middleware/TransformsRequest.php(21): Illuminate\\Pipeline\\Pipeline->Illuminate\\Pipeline\\{closure}(Object(Illuminate\\Http\\Request))
#47 /home/lemaycon/app.lemayconsulting.com/vendor/laravel/framework/src/Illuminate/Pipeline/Pipeline.php(171): Illuminate\\Foundation\\Http\\Middleware\\TransformsRequest->handle(Object(Illuminate\\Http\\Request), Object(Closure))
#48 /home/lemaycon/app.lemayconsulting.com/vendor/laravel/framework/src/Illuminate/Foundation/Http/Middleware/ValidatePostSize.php(27): Illuminate\\Pipeline\\Pipeline->Illuminate\\Pipeline\\{closure}(Object(Illuminate\\Http\\Request))
#49 /home/lemaycon/app.lemayconsulting.com/vendor/laravel/framework/src/Illuminate/Pipeline/Pipeline.php(171): Illuminate\\Foundation\\Http\\Middleware\\ValidatePostSize->handle(Object(Illuminate\\Http\\Request), Object(Closure))
#50 /home/lemaycon/app.lemayconsulting.com/vendor/laravel/framework/src/Illuminate/Foundation/Http/Middleware/CheckForMaintenanceMode.php(63): Illuminate\\Pipeline\\Pipeline->Illuminate\\Pipeline\\{closure}(Object(Illuminate\\Http\\Request))
#51 /home/lemaycon/app.lemayconsulting.com/vendor/laravel/framework/src/Illuminate/Pipeline/Pipeline.php(171): Illuminate\\Foundation\\Http\\Middleware\\CheckForMaintenanceMode->handle(Object(Illuminate\\Http\\Request), Object(Closure))
#52 /home/lemaycon/app.lemayconsulting.com/vendor/fideloper/proxy/src/TrustProxies.php(57): Illuminate\\Pipeline\\Pipeline->Illuminate\\Pipeline\\{closure}(Object(Illuminate\\Http\\Request))
#53 /home/lemaycon/app.lemayconsulting.com/vendor/laravel/framework/src/Illuminate/Pipeline/Pipeline.php(171): Fideloper\\Proxy\\TrustProxies->handle(Object(Illuminate\\Http\\Request), Object(Closure))
#54 /home/lemaycon/app.lemayconsulting.com/vendor/laravel/framework/src/Illuminate/Pipeline/Pipeline.php(105): Illuminate\\Pipeline\\Pipeline->Illuminate\\Pipeline\\{closure}(Object(Illuminate\\Http\\Request))
#55 /home/lemaycon/app.lemayconsulting.com/vendor/laravel/framework/src/Illuminate/Foundation/Http/Kernel.php(145): Illuminate\\Pipeline\\Pipeline->then(Object(Closure))
#56 /home/lemaycon/app.lemayconsulting.com/vendor/laravel/framework/src/Illuminate/Foundation/Http/Kernel.php(110): Illuminate\\Foundation\\Http\\Kernel->sendRequestThroughRouter(Object(Illuminate\\Http\\Request))
#57 /home/lemaycon/app.lemayconsulting.com/public/index.php(55): Illuminate\\Foundation\\Http\\Kernel->handle(Object(Illuminate\\Http\\Request))
#58 {main}
"} 
[2025-10-28 20:57:27] local.ERROR: Allowed memory size of 536870912 bytes exhausted (tried to allocate 151990808 bytes) {"userId":104,"exception":"[object] (Symfony\\Component\\Debug\\Exception\\FatalErrorException(code: 1): Allowed memory size of 536870912 bytes exhausted (tried to allocate 151990808 bytes) at /home/lemaycon/app.lemayconsulting.com/vendor/daltcore/lara-pdf-merger/src/LynX39/LaraPdfMerger/tcpdf/tcpdf.php:20668)
[stacktrace]
#0 {main}
"} 
[2025-10-28 21:17:21] local.ERROR: Could not locate PDF on '/home/lemaycon/app.lemayconsulting.com/public/uploads/annexes//tmp/phpNR3oOB' {"userId":85,"exception":"[object] (Exception(code: 0): Could not locate PDF on '/home/lemaycon/app.lemayconsulting.com/public/uploads/annexes//tmp/phpNR3oOB' at /home/lemaycon/app.lemayconsulting.com/vendor/daltcore/lara-pdf-merger/src/LynX39/LaraPdfMerger/PdfManage.php:42)
[stacktrace]
#0 /home/lemaycon/app.lemayconsulting.com/app/Http/Controllers/FicheController.php(901): LynX39\\LaraPdfMerger\\PdfManage->addPDF('/home/lemaycon/...', 'all')
#1 [internal function]: App\\Http\\Controllers\\FicheController->downloadPDF('19336')
#2 /home/lemaycon/app.lemayconsulting.com/vendor/laravel/framework/src/Illuminate/Routing/Controller.php(54): call_user_func_array(Array, Array)
#3 /home/lemaycon/app.lemayconsulting.com/vendor/laravel/framework/src/Illuminate/Routing/ControllerDispatcher.php(45): Illuminate\\Routing\\Controller->callAction('downloadPDF', Array)
#4 /home/lemaycon/app.lemayconsulting.com/vendor/laravel/framework/src/Illuminate/Routing/Route.php(219): Illuminate\\Routing\\ControllerDispatcher->dispatch(Object(Illuminate\\Routing\\Route), Object(App\\Http\\Controllers\\FicheController), 'downloadPDF')
#5 /home/lemaycon/app.lemayconsulting.com/vendor/laravel/framework/src/Illuminate/Routing/Route.php(176): Illuminate\\Routing\\Route->runController()
#6 /home/lemaycon/app.lemayconsulting.com/vendor/laravel/framework/src/Illuminate/Routing/Router.php(681): Illuminate\\Routing\\Route->run()
#7 /home/lemaycon/app.lemayconsulting.com/vendor/laravel/framework/src/Illuminate/Pipeline/Pipeline.php(130): Illuminate\\Routing\\Router->Illuminate\\Routing\\{closure}(Object(Illuminate\\Http\\Request))
#8 /home/lemaycon/app.lemayconsulting.com/app/Http/Middleware/IsUser.php(19): Illuminate\\Pipeline\\Pipeline->Illuminate\\Pipeline\\{closure}(Object(Illuminate\\Http\\Request))
#9 /home/lemaycon/app.lemayconsulting.com/vendor/laravel/framework/src/Illuminate/Pipeline/Pipeline.php(171): App\\Http\\Middleware\\IsUser->handle(Object(Illuminate\\Http\\Request), Object(Closure))
#10 /home/lemaycon/app.lemayconsulting.com/vendor/laravel/framework/src/Illuminate/Routing/Middleware/SubstituteBindings.php(41): Illuminate\\Pipeline\\Pipeline->Illuminate\\Pipeline\\{closure}(Object(Illuminate\\Http\\Request))
#11 /home/lemaycon/app.lemayconsulting.com/vendor/laravel/framework/src/Illuminate/Pipeline/Pipeline.php(171): Illuminate\\Routing\\Middleware\\SubstituteBindings->handle(Object(Illuminate\\Http\\Request), Object(Closure))
#12 /home/lemaycon/app.lemayconsulting.com/vendor/laravel/framework/src/Illuminate/Auth/Middleware/Authenticate.php(43): Illuminate\\Pipeline\\Pipeline->Illuminate\\Pipeline\\{closure}(Object(Illuminate\\Http\\Request))
#13 /home/lemaycon/app.lemayconsulting.com/vendor/laravel/framework/src/Illuminate/Pipeline/Pipeline.php(171): Illuminate\\Auth\\Middleware\\Authenticate->handle(Object(Illuminate\\Http\\Request), Object(Closure))
#14 /home/lemaycon/app.lemayconsulting.com/vendor/laravel/framework/src/Illuminate/Foundation/Http/Middleware/VerifyCsrfToken.php(76): Illuminate\\Pipeline\\Pipeline->Illuminate\\Pipeline\\{closure}(Object(Illuminate\\Http\\Request))
#15 /home/lemaycon/app.lemayconsulting.com/vendor/laravel/framework/src/Illuminate/Pipeline/Pipeline.php(171): Illuminate\\Foundation\\Http\\Middleware\\VerifyCsrfToken->handle(Object(Illuminate\\Http\\Request), Object(Closure))
#16 /home/lemaycon/app.lemayconsulting.com/vendor/laravel/framework/src/Illuminate/View/Middleware/ShareErrorsFromSession.php(49): Illuminate\\Pipeline\\Pipeline->Illuminate\\Pipeline\\{closure}(Object(Illuminate\\Http\\Request))
#17 /home/lemaycon/app.lemayconsulting.com/vendor/laravel/framework/src/Illuminate/Pipeline/Pipeline.php(171): Illuminate\\View\\Middleware\\ShareErrorsFromSession->handle(Object(Illuminate\\Http\\Request), Object(Closure))
#18 /home/lemaycon/app.lemayconsulting.com/app/Http/Middleware/SetLocale.php(16): Illuminate\\Pipeline\\Pipeline->Illuminate\\Pipeline\\{closure}(Object(Illuminate\\Http\\Request))
#19 /home/lemaycon/app.lemayconsulting.com/vendor/laravel/framework/src/Illuminate/Pipeline/Pipeline.php(171): App\\Http\\Middleware\\SetLocale->handle(Object(Illuminate\\Http\\Request), Object(Closure))
#20 /home/lemaycon/app.lemayconsulting.com/vendor/laravel/framework/src/Illuminate/Session/Middleware/StartSession.php(56): Illuminate\\Pipeline\\Pipeline->Illuminate\\Pipeline\\{closure}(Object(Illuminate\\Http\\Request))
#21 /home/lemaycon/app.lemayconsulting.com/vendor/laravel/framework/src/Illuminate/Pipeline/Pipeline.php(171): Illuminate\\Session\\Middleware\\StartSession->handle(Object(Illuminate\\Http\\Request), Object(Closure))
#22 /home/lemaycon/app.lemayconsulting.com/vendor/laravel/framework/src/Illuminate/Cookie/Middleware/AddQueuedCookiesToResponse.php(37): Illuminate\\Pipeline\\Pipeline->Illuminate\\Pipeline\\{closure}(Object(Illuminate\\Http\\Request))
#23 /home/lemaycon/app.lemayconsulting.com/vendor/laravel/framework/src/Illuminate/Pipeline/Pipeline.php(171): Illuminate\\Cookie\\Middleware\\AddQueuedCookiesToResponse->handle(Object(Illuminate\\Http\\Request), Object(Closure))
#24 /home/lemaycon/app.lemayconsulting.com/vendor/laravel/framework/src/Illuminate/Cookie/Middleware/EncryptCookies.php(66): Illuminate\\Pipeline\\Pipeline->Illuminate\\Pipeline\\{closure}(Object(Illuminate\\Http\\Request))
#25 /home/lemaycon/app.lemayconsulting.com/vendor/laravel/framework/src/Illuminate/Pipeline/Pipeline.php(171): Illuminate\\Cookie\\Middleware\\EncryptCookies->handle(Object(Illuminate\\Http\\Request), Object(Closure))
#26 /home/lemaycon/app.lemayconsulting.com/vendor/laravel/framework/src/Illuminate/Pipeline/Pipeline.php(105): Illuminate\\Pipeline\\Pipeline->Illuminate\\Pipeline\\{closure}(Object(Illuminate\\Http\\Request))
#27 /home/lemaycon/app.lemayconsulting.com/vendor/laravel/framework/src/Illuminate/Routing/Router.php(683): Illuminate\\Pipeline\\Pipeline->then(Object(Closure))
#28 /home/lemaycon/app.lemayconsulting.com/vendor/laravel/framework/src/Illuminate/Routing/Router.php(658): Illuminate\\Routing\\Router->runRouteWithinStack(Object(Illuminate\\Routing\\Route), Object(Illuminate\\Http\\Request))
#29 /home/lemaycon/app.lemayconsulting.com/vendor/laravel/framework/src/Illuminate/Routing/Router.php(624): Illuminate\\Routing\\Router->runRoute(Object(Illuminate\\Http\\Request), Object(Illuminate\\Routing\\Route))
#30 /home/lemaycon/app.lemayconsulting.com/vendor/laravel/framework/src/Illuminate/Routing/Router.php(613): Illuminate\\Routing\\Router->dispatchToRoute(Object(Illuminate\\Http\\Request))
#31 /home/lemaycon/app.lemayconsulting.com/vendor/laravel/framework/src/Illuminate/Foundation/Http/Kernel.php(170): Illuminate\\Routing\\Router->dispatch(Object(Illuminate\\Http\\Request))
#32 /home/lemaycon/app.lemayconsulting.com/vendor/laravel/framework/src/Illuminate/Pipeline/Pipeline.php(130): Illuminate\\Foundation\\Http\\Kernel->Illuminate\\Foundation\\Http\\{closure}(Object(Illuminate\\Http\\Request))
#33 /home/lemaycon/app.lemayconsulting.com/vendor/laravel/framework/src/Illuminate/Foundation/Http/Middleware/TransformsRequest.php(21): Illuminate\\Pipeline\\Pipeline->Illuminate\\Pipeline\\{closure}(Object(Illuminate\\Http\\Request))
#34 /home/lemaycon/app.lemayconsulting.com/vendor/laravel/framework/src/Illuminate/Pipeline/Pipeline.php(171): Illuminate\\Foundation\\Http\\Middleware\\TransformsRequest->handle(Object(Illuminate\\Http\\Request), Object(Closure))
#35 /home/lemaycon/app.lemayconsulting.com/vendor/laravel/framework/src/Illuminate/Foundation/Http/Middleware/TransformsRequest.php(21): Illuminate\\Pipeline\\Pipeline->Illuminate\\Pipeline\\{closure}(Object(Illuminate\\Http\\Request))
#36 /home/lemaycon/app.lemayconsulting.com/vendor/laravel/framework/src/Illuminate/Pipeline/Pipeline.php(171): Illuminate\\Foundation\\Http\\Middleware\\TransformsRequest->handle(Object(Illuminate\\Http\\Request), Object(Closure))
#37 /home/lemaycon/app.lemayconsulting.com/vendor/laravel/framework/src/Illuminate/Foundation/Http/Middleware/ValidatePostSize.php(27): Illuminate\\Pipeline\\Pipeline->Illuminate\\Pipeline\\{closure}(Object(Illuminate\\Http\\Request))
#38 /home/lemaycon/app.lemayconsulting.com/vendor/laravel/framework/src/Illuminate/Pipeline/Pipeline.php(171): Illuminate\\Foundation\\Http\\Middleware\\ValidatePostSize->handle(Object(Illuminate\\Http\\Request), Object(Closure))
#39 /home/lemaycon/app.lemayconsulting.com/vendor/laravel/framework/src/Illuminate/Foundation/Http/Middleware/CheckForMaintenanceMode.php(63): Illuminate\\Pipeline\\Pipeline->Illuminate\\Pipeline\\{closure}(Object(Illuminate\\Http\\Request))
#40 /home/lemaycon/app.lemayconsulting.com/vendor/laravel/framework/src/Illuminate/Pipeline/Pipeline.php(171): Illuminate\\Foundation\\Http\\Middleware\\CheckForMaintenanceMode->handle(Object(Illuminate\\Http\\Request), Object(Closure))
#41 /home/lemaycon/app.lemayconsulting.com/vendor/fideloper/proxy/src/TrustProxies.php(57): Illuminate\\Pipeline\\Pipeline->Illuminate\\Pipeline\\{closure}(Object(Illuminate\\Http\\Request))
#42 /home/lemaycon/app.lemayconsulting.com/vendor/laravel/framework/src/Illuminate/Pipeline/Pipeline.php(171): Fideloper\\Proxy\\TrustProxies->handle(Object(Illuminate\\Http\\Request), Object(Closure))
#43 /home/lemaycon/app.lemayconsulting.com/vendor/laravel/framework/src/Illuminate/Pipeline/Pipeline.php(105): Illuminate\\Pipeline\\Pipeline->Illuminate\\Pipeline\\{closure}(Object(Illuminate\\Http\\Request))
#44 /home/lemaycon/app.lemayconsulting.com/vendor/laravel/framework/src/Illuminate/Foundation/Http/Kernel.php(145): Illuminate\\Pipeline\\Pipeline->then(Object(Closure))
#45 /home/lemaycon/app.lemayconsulting.com/vendor/laravel/framework/src/Illuminate/Foundation/Http/Kernel.php(110): Illuminate\\Foundation\\Http\\Kernel->sendRequestThroughRouter(Object(Illuminate\\Http\\Request))
#46 /home/lemaycon/app.lemayconsulting.com/public/index.php(55): Illuminate\\Foundation\\Http\\Kernel->handle(Object(Illuminate\\Http\\Request))
#47 {main}
"} 
[2025-10-28 21:21:50] local.ERROR: Could not locate PDF on '/home/lemaycon/app.lemayconsulting.com/public/uploads/annexes//tmp/phpNR3oOB' {"userId":104,"exception":"[object] (Exception(code: 0): Could not locate PDF on '/home/lemaycon/app.lemayconsulting.com/public/uploads/annexes//tmp/phpNR3oOB' at /home/lemaycon/app.lemayconsulting.com/vendor/daltcore/lara-pdf-merger/src/LynX39/LaraPdfMerger/PdfManage.php:42)
[stacktrace]
#0 /home/lemaycon/app.lemayconsulting.com/app/Http/Controllers/FicheController.php(901): LynX39\\LaraPdfMerger\\PdfManage->addPDF('/home/lemaycon/...', 'all')
#1 [internal function]: App\\Http\\Controllers\\FicheController->downloadPDF('19336')
#2 /home/lemaycon/app.lemayconsulting.com/vendor/laravel/framework/src/Illuminate/Routing/Controller.php(54): call_user_func_array(Array, Array)
#3 /home/lemaycon/app.lemayconsulting.com/vendor/laravel/framework/src/Illuminate/Routing/ControllerDispatcher.php(45): Illuminate\\Routing\\Controller->callAction('downloadPDF', Array)
#4 /home/lemaycon/app.lemayconsulting.com/vendor/laravel/framework/src/Illuminate/Routing/Route.php(219): Illuminate\\Routing\\ControllerDispatcher->dispatch(Object(Illuminate\\Routing\\Route), Object(App\\Http\\Controllers\\FicheController), 'downloadPDF')
#5 /home/lemaycon/app.lemayconsulting.com/vendor/laravel/framework/src/Illuminate/Routing/Route.php(176): Illuminate\\Routing\\Route->runController()
#6 /home/lemaycon/app.lemayconsulting.com/vendor/laravel/framework/src/Illuminate/Routing/Router.php(681): Illuminate\\Routing\\Route->run()
#7 /home/lemaycon/app.lemayconsulting.com/vendor/laravel/framework/src/Illuminate/Pipeline/Pipeline.php(130): Illuminate\\Routing\\Router->Illuminate\\Routing\\{closure}(Object(Illuminate\\Http\\Request))
#8 /home/lemaycon/app.lemayconsulting.com/app/Http/Middleware/IsUser.php(19): Illuminate\\Pipeline\\Pipeline->Illuminate\\Pipeline\\{closure}(Object(Illuminate\\Http\\Request))
#9 /home/lemaycon/app.lemayconsulting.com/vendor/laravel/framework/src/Illuminate/Pipeline/Pipeline.php(171): App\\Http\\Middleware\\IsUser->handle(Object(Illuminate\\Http\\Request), Object(Closure))
#10 /home/lemaycon/app.lemayconsulting.com/vendor/laravel/framework/src/Illuminate/Routing/Middleware/SubstituteBindings.php(41): Illuminate\\Pipeline\\Pipeline->Illuminate\\Pipeline\\{closure}(Object(Illuminate\\Http\\Request))
#11 /home/lemaycon/app.lemayconsulting.com/vendor/laravel/framework/src/Illuminate/Pipeline/Pipeline.php(171): Illuminate\\Routing\\Middleware\\SubstituteBindings->handle(Object(Illuminate\\Http\\Request), Object(Closure))
#12 /home/lemaycon/app.lemayconsulting.com/vendor/laravel/framework/src/Illuminate/Auth/Middleware/Authenticate.php(43): Illuminate\\Pipeline\\Pipeline->Illuminate\\Pipeline\\{closure}(Object(Illuminate\\Http\\Request))
#13 /home/lemaycon/app.lemayconsulting.com/vendor/laravel/framework/src/Illuminate/Pipeline/Pipeline.php(171): Illuminate\\Auth\\Middleware\\Authenticate->handle(Object(Illuminate\\Http\\Request), Object(Closure))
#14 /home/lemaycon/app.lemayconsulting.com/vendor/laravel/framework/src/Illuminate/Foundation/Http/Middleware/VerifyCsrfToken.php(76): Illuminate\\Pipeline\\Pipeline->Illuminate\\Pipeline\\{closure}(Object(Illuminate\\Http\\Request))
#15 /home/lemaycon/app.lemayconsulting.com/vendor/laravel/framework/src/Illuminate/Pipeline/Pipeline.php(171): Illuminate\\Foundation\\Http\\Middleware\\VerifyCsrfToken->handle(Object(Illuminate\\Http\\Request), Object(Closure))
#16 /home/lemaycon/app.lemayconsulting.com/vendor/laravel/framework/src/Illuminate/View/Middleware/ShareErrorsFromSession.php(49): Illuminate\\Pipeline\\Pipeline->Illuminate\\Pipeline\\{closure}(Object(Illuminate\\Http\\Request))
#17 /home/lemaycon/app.lemayconsulting.com/vendor/laravel/framework/src/Illuminate/Pipeline/Pipeline.php(171): Illuminate\\View\\Middleware\\ShareErrorsFromSession->handle(Object(Illuminate\\Http\\Request), Object(Closure))
#18 /home/lemaycon/app.lemayconsulting.com/app/Http/Middleware/SetLocale.php(16): Illuminate\\Pipeline\\Pipeline->Illuminate\\Pipeline\\{closure}(Object(Illuminate\\Http\\Request))
#19 /home/lemaycon/app.lemayconsulting.com/vendor/laravel/framework/src/Illuminate/Pipeline/Pipeline.php(171): App\\Http\\Middleware\\SetLocale->handle(Object(Illuminate\\Http\\Request), Object(Closure))
#20 /home/lemaycon/app.lemayconsulting.com/vendor/laravel/framework/src/Illuminate/Session/Middleware/StartSession.php(56): Illuminate\\Pipeline\\Pipeline->Illuminate\\Pipeline\\{closure}(Object(Illuminate\\Http\\Request))
#21 /home/lemaycon/app.lemayconsulting.com/vendor/laravel/framework/src/Illuminate/Pipeline/Pipeline.php(171): Illuminate\\Session\\Middleware\\StartSession->handle(Object(Illuminate\\Http\\Request), Object(Closure))
#22 /home/lemaycon/app.lemayconsulting.com/vendor/laravel/framework/src/Illuminate/Cookie/Middleware/AddQueuedCookiesToResponse.php(37): Illuminate\\Pipeline\\Pipeline->Illuminate\\Pipeline\\{closure}(Object(Illuminate\\Http\\Request))
#23 /home/lemaycon/app.lemayconsulting.com/vendor/laravel/framework/src/Illuminate/Pipeline/Pipeline.php(171): Illuminate\\Cookie\\Middleware\\AddQueuedCookiesToResponse->handle(Object(Illuminate\\Http\\Request), Object(Closure))
#24 /home/lemaycon/app.lemayconsulting.com/vendor/laravel/framework/src/Illuminate/Cookie/Middleware/EncryptCookies.php(66): Illuminate\\Pipeline\\Pipeline->Illuminate\\Pipeline\\{closure}(Object(Illuminate\\Http\\Request))
#25 /home/lemaycon/app.lemayconsulting.com/vendor/laravel/framework/src/Illuminate/Pipeline/Pipeline.php(171): Illuminate\\Cookie\\Middleware\\EncryptCookies->handle(Object(Illuminate\\Http\\Request), Object(Closure))
#26 /home/lemaycon/app.lemayconsulting.com/vendor/laravel/framework/src/Illuminate/Pipeline/Pipeline.php(105): Illuminate\\Pipeline\\Pipeline->Illuminate\\Pipeline\\{closure}(Object(Illuminate\\Http\\Request))
#27 /home/lemaycon/app.lemayconsulting.com/vendor/laravel/framework/src/Illuminate/Routing/Router.php(683): Illuminate\\Pipeline\\Pipeline->then(Object(Closure))
#28 /home/lemaycon/app.lemayconsulting.com/vendor/laravel/framework/src/Illuminate/Routing/Router.php(658): Illuminate\\Routing\\Router->runRouteWithinStack(Object(Illuminate\\Routing\\Route), Object(Illuminate\\Http\\Request))
#29 /home/lemaycon/app.lemayconsulting.com/vendor/laravel/framework/src/Illuminate/Routing/Router.php(624): Illuminate\\Routing\\Router->runRoute(Object(Illuminate\\Http\\Request), Object(Illuminate\\Routing\\Route))
#30 /home/lemaycon/app.lemayconsulting.com/vendor/laravel/framework/src/Illuminate/Routing/Router.php(613): Illuminate\\Routing\\Router->dispatchToRoute(Object(Illuminate\\Http\\Request))
#31 /home/lemaycon/app.lemayconsulting.com/vendor/laravel/framework/src/Illuminate/Foundation/Http/Kernel.php(170): Illuminate\\Routing\\Router->dispatch(Object(Illuminate\\Http\\Request))
#32 /home/lemaycon/app.lemayconsulting.com/vendor/laravel/framework/src/Illuminate/Pipeline/Pipeline.php(130): Illuminate\\Foundation\\Http\\Kernel->Illuminate\\Foundation\\Http\\{closure}(Object(Illuminate\\Http\\Request))
#33 /home/lemaycon/app.lemayconsulting.com/vendor/laravel/framework/src/Illuminate/Foundation/Http/Middleware/TransformsRequest.php(21): Illuminate\\Pipeline\\Pipeline->Illuminate\\Pipeline\\{closure}(Object(Illuminate\\Http\\Request))
#34 /home/lemaycon/app.lemayconsulting.com/vendor/laravel/framework/src/Illuminate/Pipeline/Pipeline.php(171): Illuminate\\Foundation\\Http\\Middleware\\TransformsRequest->handle(Object(Illuminate\\Http\\Request), Object(Closure))
#35 /home/lemaycon/app.lemayconsulting.com/vendor/laravel/framework/src/Illuminate/Foundation/Http/Middleware/TransformsRequest.php(21): Illuminate\\Pipeline\\Pipeline->Illuminate\\Pipeline\\{closure}(Object(Illuminate\\Http\\Request))
#36 /home/lemaycon/app.lemayconsulting.com/vendor/laravel/framework/src/Illuminate/Pipeline/Pipeline.php(171): Illuminate\\Foundation\\Http\\Middleware\\TransformsRequest->handle(Object(Illuminate\\Http\\Request), Object(Closure))
#37 /home/lemaycon/app.lemayconsulting.com/vendor/laravel/framework/src/Illuminate/Foundation/Http/Middleware/ValidatePostSize.php(27): Illuminate\\Pipeline\\Pipeline->Illuminate\\Pipeline\\{closure}(Object(Illuminate\\Http\\Request))
#38 /home/lemaycon/app.lemayconsulting.com/vendor/laravel/framework/src/Illuminate/Pipeline/Pipeline.php(171): Illuminate\\Foundation\\Http\\Middleware\\ValidatePostSize->handle(Object(Illuminate\\Http\\Request), Object(Closure))
#39 /home/lemaycon/app.lemayconsulting.com/vendor/laravel/framework/src/Illuminate/Foundation/Http/Middleware/CheckForMaintenanceMode.php(63): Illuminate\\Pipeline\\Pipeline->Illuminate\\Pipeline\\{closure}(Object(Illuminate\\Http\\Request))
#40 /home/lemaycon/app.lemayconsulting.com/vendor/laravel/framework/src/Illuminate/Pipeline/Pipeline.php(171): Illuminate\\Foundation\\Http\\Middleware\\CheckForMaintenanceMode->handle(Object(Illuminate\\Http\\Request), Object(Closure))
#41 /home/lemaycon/app.lemayconsulting.com/vendor/fideloper/proxy/src/TrustProxies.php(57): Illuminate\\Pipeline\\Pipeline->Illuminate\\Pipeline\\{closure}(Object(Illuminate\\Http\\Request))
#42 /home/lemaycon/app.lemayconsulting.com/vendor/laravel/framework/src/Illuminate/Pipeline/Pipeline.php(171): Fideloper\\Proxy\\TrustProxies->handle(Object(Illuminate\\Http\\Request), Object(Closure))
#43 /home/lemaycon/app.lemayconsulting.com/vendor/laravel/framework/src/Illuminate/Pipeline/Pipeline.php(105): Illuminate\\Pipeline\\Pipeline->Illuminate\\Pipeline\\{closure}(Object(Illuminate\\Http\\Request))
#44 /home/lemaycon/app.lemayconsulting.com/vendor/laravel/framework/src/Illuminate/Foundation/Http/Kernel.php(145): Illuminate\\Pipeline\\Pipeline->then(Object(Closure))
#45 /home/lemaycon/app.lemayconsulting.com/vendor/laravel/framework/src/Illuminate/Foundation/Http/Kernel.php(110): Illuminate\\Foundation\\Http\\Kernel->sendRequestThroughRouter(Object(Illuminate\\Http\\Request))
#46 /home/lemaycon/app.lemayconsulting.com/public/index.php(55): Illuminate\\Foundation\\Http\\Kernel->handle(Object(Illuminate\\Http\\Request))
#47 {main}
"} 
[2025-10-28 21:36:03] local.DEBUG: Début création de fiche. Adresse : 365e 56e Avenue, Lachine, QC, Canada  
[2025-10-28 21:36:03] local.DEBUG: Appel API Geocoding : https://maps.googleapis.com/maps/api/geocode/json?address=365e+56e+Avenue%2C+Lachine%2C+QC%2C+Canada&key=AIzaSyBGG9KMwSfFPJ_-vipDANTSj6LB4TPFlk8  
[2025-10-28 21:36:03] local.ERROR: Erreur API Geocoding : {"error_message":"API keys with referer restrictions cannot be used with this API.","results":[],"status":"REQUEST_DENIED"}  
[2025-10-30 23:56:30] local.DEBUG: Début création de fiche. Adresse : 469 Rue de la Manicouagan, Repentigny, QC, Canada  
[2025-10-30 23:56:30] local.DEBUG: Appel API Geocoding : https://maps.googleapis.com/maps/api/geocode/json?address=469+Rue+de+la+Manicouagan%2C+Repentigny%2C+QC%2C+Canada&key=AIzaSyBGG9KMwSfFPJ_-vipDANTSj6LB4TPFlk8  
[2025-10-30 23:56:31] local.ERROR: Erreur API Geocoding : {"error_message":"API keys with referer restrictions cannot be used with this API.","results":[],"status":"REQUEST_DENIED"}  
[2025-10-31 18:02:25] local.DEBUG: Début création de fiche. Adresse : 6982 Rue St-Hubert, Montréal, QC, Canada  
[2025-10-31 18:02:25] local.DEBUG: Appel API Geocoding : https://maps.googleapis.com/maps/api/geocode/json?address=6982+Rue+St-Hubert%2C+Montr%C3%A9al%2C+QC%2C+Canada&key=AIzaSyBGG9KMwSfFPJ_-vipDANTSj6LB4TPFlk8  
[2025-10-31 18:02:25] local.ERROR: Erreur API Geocoding : {"error_message":"API keys with referer restrictions cannot be used with this API.","results":[],"status":"REQUEST_DENIED"}  
[2025-11-01 16:40:14] local.DEBUG: Début création de fiche. Adresse : 61 Chemin de Fribourg, Saint-Sauveur, QC, Canada  
[2025-11-01 16:40:14] local.DEBUG: Appel API Geocoding : https://maps.googleapis.com/maps/api/geocode/json?address=61+Chemin+de+Fribourg%2C+Saint-Sauveur%2C+QC%2C+Canada&key=AIzaSyBGG9KMwSfFPJ_-vipDANTSj6LB4TPFlk8  
[2025-11-01 16:40:14] local.ERROR: Erreur API Geocoding : {"error_message":"API keys with referer restrictions cannot be used with this API.","results":[],"status":"REQUEST_DENIED"}  
[2025-11-01 23:12:15] local.DEBUG: Début création de fiche. Adresse : 175 Rue des Fuchsias, Trois-Rivières, QC, Canada  
[2025-11-01 23:12:15] local.DEBUG: Appel API Geocoding : https://maps.googleapis.com/maps/api/geocode/json?address=175+Rue+des+Fuchsias%2C+Trois-Rivi%C3%A8res%2C+QC%2C+Canada&key=AIzaSyBGG9KMwSfFPJ_-vipDANTSj6LB4TPFlk8  
[2025-11-01 23:12:15] local.ERROR: Erreur API Geocoding : {"error_message":"API keys with referer restrictions cannot be used with this API.","results":[],"status":"REQUEST_DENIED"}  
[2025-11-03 15:19:47] local.DEBUG: Début création de fiche. Adresse : 413 Rue des Écoliers, Granby, QC, Canada  
[2025-11-03 15:19:47] local.DEBUG: Appel API Geocoding : https://maps.googleapis.com/maps/api/geocode/json?address=413+Rue+des+%C3%89coliers%2C+Granby%2C+QC%2C+Canada&key=AIzaSyBGG9KMwSfFPJ_-vipDANTSj6LB4TPFlk8  
[2025-11-03 15:19:47] local.ERROR: Erreur API Geocoding : {"error_message":"API keys with referer restrictions cannot be used with this API.","results":[],"status":"REQUEST_DENIED"}  
[2025-11-03 16:32:59] local.DEBUG: Début création de fiche. Adresse : 3227 Rue de la Brisardière, Longueuil, QC, Canada  
[2025-11-03 16:32:59] local.DEBUG: Appel API Geocoding : https://maps.googleapis.com/maps/api/geocode/json?address=3227+Rue+de+la+Brisardi%C3%A8re%2C+Longueuil%2C+QC%2C+Canada&key=AIzaSyBGG9KMwSfFPJ_-vipDANTSj6LB4TPFlk8  
[2025-11-03 16:33:00] local.ERROR: Erreur API Geocoding : {"error_message":"API keys with referer restrictions cannot be used with this API.","results":[],"status":"REQUEST_DENIED"}  
[2025-11-04 13:23:49] local.DEBUG: Début création de fiche. Adresse : 3915 Rue de Saint-Bruno, Trois-Rivières, QC, Canada  
[2025-11-04 13:23:49] local.DEBUG: Appel API Geocoding : https://maps.googleapis.com/maps/api/geocode/json?address=3915+Rue+de+Saint-Bruno%2C+Trois-Rivi%C3%A8res%2C+QC%2C+Canada&key=AIzaSyBGG9KMwSfFPJ_-vipDANTSj6LB4TPFlk8  
[2025-11-04 13:23:50] local.ERROR: Erreur API Geocoding : {"error_message":"API keys with referer restrictions cannot be used with this API.","results":[],"status":"REQUEST_DENIED"}  
[2025-11-05 18:07:28] local.DEBUG: Début création de fiche. Adresse : 3650 Place Octave, Brossard, QC, Canada  
[2025-11-05 18:07:28] local.DEBUG: Appel API Geocoding : https://maps.googleapis.com/maps/api/geocode/json?address=3650+Place+Octave%2C+Brossard%2C+QC%2C+Canada&key=AIzaSyBGG9KMwSfFPJ_-vipDANTSj6LB4TPFlk8  
[2025-11-05 18:07:28] local.ERROR: Erreur API Geocoding : {"error_message":"API keys with referer restrictions cannot be used with this API.","results":[],"status":"REQUEST_DENIED"}  
[2025-11-06 02:17:44] local.DEBUG: Début création de fiche. Adresse : 4386 Chemin St Isidore, Laterrière, QC, Canada  
[2025-11-06 02:17:44] local.DEBUG: Appel API Geocoding : https://maps.googleapis.com/maps/api/geocode/json?address=4386+Chemin+St+Isidore%2C+Laterri%C3%A8re%2C+QC%2C+Canada&key=AIzaSyBGG9KMwSfFPJ_-vipDANTSj6LB4TPFlk8  
[2025-11-06 02:17:44] local.ERROR: Erreur API Geocoding : {"error_message":"API keys with referer restrictions cannot be used with this API.","results":[],"status":"REQUEST_DENIED"}  
[2025-11-06 02:59:56] local.DEBUG: Début création de fiche. Adresse : 238 Chemin du Lac Brébeuf, Saint-Félix-d'Otis, QC, Canada  
[2025-11-06 02:59:56] local.DEBUG: Appel API Geocoding : https://maps.googleapis.com/maps/api/geocode/json?address=238+Chemin+du+Lac+Br%C3%A9beuf%2C+Saint-F%C3%A9lix-d%27Otis%2C+QC%2C+Canada&key=AIzaSyBGG9KMwSfFPJ_-vipDANTSj6LB4TPFlk8  
[2025-11-06 02:59:56] local.ERROR: Erreur API Geocoding : {"error_message":"API keys with referer restrictions cannot be used with this API.","results":[],"status":"REQUEST_DENIED"}  
[2025-11-07 15:03:35] local.DEBUG: Début création de fiche. Adresse : 5410 Rue Vauclin, Brossard, QC, Canada  
[2025-11-07 15:03:35] local.DEBUG: Appel API Geocoding : https://maps.googleapis.com/maps/api/geocode/json?address=5410+Rue+Vauclin%2C+Brossard%2C+QC%2C+Canada&key=AIzaSyBGG9KMwSfFPJ_-vipDANTSj6LB4TPFlk8  
[2025-11-07 15:03:36] local.ERROR: Erreur API Geocoding : {"error_message":"API keys with referer restrictions cannot be used with this API.","results":[],"status":"REQUEST_DENIED"}  
[2025-11-07 18:08:39] local.DEBUG: Début création de fiche. Adresse : 7660 Avenue Tisserand, Brossard, QC, Canada  
[2025-11-07 18:08:39] local.DEBUG: Appel API Geocoding : https://maps.googleapis.com/maps/api/geocode/json?address=7660+Avenue+Tisserand%2C+Brossard%2C+QC%2C+Canada&key=AIzaSyBGG9KMwSfFPJ_-vipDANTSj6LB4TPFlk8  
[2025-11-07 18:08:40] local.ERROR: Erreur API Geocoding : {"error_message":"API keys with referer restrictions cannot be used with this API.","results":[],"status":"REQUEST_DENIED"}  
[2025-11-08 20:22:53] local.DEBUG: Début création de fiche. Adresse : 315 Chemin du Lac-Rond, Wentworth-Nord, QC, Canada  
[2025-11-08 20:22:53] local.DEBUG: Appel API Geocoding : https://maps.googleapis.com/maps/api/geocode/json?address=315+Chemin+du+Lac-Rond%2C+Wentworth-Nord%2C+QC%2C+Canada&key=AIzaSyBGG9KMwSfFPJ_-vipDANTSj6LB4TPFlk8  
[2025-11-08 20:22:53] local.ERROR: Erreur API Geocoding : {"error_message":"API keys with referer restrictions cannot be used with this API.","results":[],"status":"REQUEST_DENIED"}  
[2025-11-08 20:30:35] local.DEBUG: Début création de fiche. Adresse : 1718 Rue des Archanges, Chicoutimi, QC, Canada  
[2025-11-08 20:30:35] local.DEBUG: Appel API Geocoding : https://maps.googleapis.com/maps/api/geocode/json?address=1718+Rue+des+Archanges%2C+Chicoutimi%2C+QC%2C+Canada&key=AIzaSyBGG9KMwSfFPJ_-vipDANTSj6LB4TPFlk8  
[2025-11-08 20:30:35] local.ERROR: Erreur API Geocoding : {"error_message":"API keys with referer restrictions cannot be used with this API.","results":[],"status":"REQUEST_DENIED"}  
[2025-11-08 21:23:47] local.DEBUG: Début création de fiche. Adresse : 2683 Route des Érables, La Conception, QC, Canada  
[2025-11-08 21:23:47] local.DEBUG: Appel API Geocoding : https://maps.googleapis.com/maps/api/geocode/json?address=2683+Route+des+%C3%89rables%2C+La+Conception%2C+QC%2C+Canada&key=AIzaSyBGG9KMwSfFPJ_-vipDANTSj6LB4TPFlk8  
[2025-11-08 21:23:47] local.ERROR: Erreur API Geocoding : {"error_message":"API keys with referer restrictions cannot be used with this API.","results":[],"status":"REQUEST_DENIED"}  
[2025-11-11 18:14:32] local.DEBUG: Début création de fiche. Adresse : 1A Rue des Cerisiers, Bromont, QC, Canada  
[2025-11-11 18:14:32] local.DEBUG: Appel API Geocoding : https://maps.googleapis.com/maps/api/geocode/json?address=1A+Rue+des+Cerisiers%2C+Bromont%2C+QC%2C+Canada&key=AIzaSyBGG9KMwSfFPJ_-vipDANTSj6LB4TPFlk8  
[2025-11-11 18:14:32] local.ERROR: Erreur API Geocoding : {"error_message":"API keys with referer restrictions cannot be used with this API.","results":[],"status":"REQUEST_DENIED"}  
[2025-11-12 21:50:42] local.DEBUG: Début création de fiche. Adresse : 8140 Avenue San Francisco, Brossard, QC, Canada  
[2025-11-12 21:50:42] local.DEBUG: Appel API Geocoding : https://maps.googleapis.com/maps/api/geocode/json?address=8140+Avenue+San+Francisco%2C+Brossard%2C+QC%2C+Canada&key=AIzaSyBGG9KMwSfFPJ_-vipDANTSj6LB4TPFlk8  
[2025-11-12 21:50:42] local.ERROR: Erreur API Geocoding : {"error_message":"API keys with referer restrictions cannot be used with this API.","results":[],"status":"REQUEST_DENIED"}  
[2025-11-13 01:25:31] local.DEBUG: Début création de fiche. Adresse : 5755 Rue Alain, Brossard, QC, Canada  
[2025-11-13 01:25:31] local.DEBUG: Appel API Geocoding : https://maps.googleapis.com/maps/api/geocode/json?address=5755+Rue+Alain%2C+Brossard%2C+QC%2C+Canada&key=AIzaSyBGG9KMwSfFPJ_-vipDANTSj6LB4TPFlk8  
[2025-11-13 01:25:31] local.ERROR: Erreur API Geocoding : {"error_message":"API keys with referer restrictions cannot be used with this API.","results":[],"status":"REQUEST_DENIED"}  
[2025-11-13 13:04:13] local.DEBUG: Début création de fiche. Adresse : 640 Rue Marie Ange Hamelin, Trois-Rivières, QC, Canada  
[2025-11-13 13:04:13] local.DEBUG: Appel API Geocoding : https://maps.googleapis.com/maps/api/geocode/json?address=640+Rue+Marie+Ange+Hamelin%2C+Trois-Rivi%C3%A8res%2C+QC%2C+Canada&key=AIzaSyBGG9KMwSfFPJ_-vipDANTSj6LB4TPFlk8  
[2025-11-13 13:04:13] local.ERROR: Erreur API Geocoding : {"error_message":"API keys with referer restrictions cannot be used with this API.","results":[],"status":"REQUEST_DENIED"}  
[2025-11-13 23:23:14] local.DEBUG: Début création de fiche. Adresse : 1145 Rue Daigle, Trois-Rivières, QC, Canada  
[2025-11-13 23:23:14] local.DEBUG: Appel API Geocoding : https://maps.googleapis.com/maps/api/geocode/json?address=1145+Rue+Daigle%2C+Trois-Rivi%C3%A8res%2C+QC%2C+Canada&key=AIzaSyBGG9KMwSfFPJ_-vipDANTSj6LB4TPFlk8  
[2025-11-13 23:23:14] local.ERROR: Erreur API Geocoding : {"error_message":"API keys with referer restrictions cannot be used with this API.","results":[],"status":"REQUEST_DENIED"}  
[2025-11-15 20:48:56] local.DEBUG: Début création de fiche. Adresse : 385 Rue Verdure, Brossard, QC, Canada  
[2025-11-15 20:48:56] local.DEBUG: Appel API Geocoding : https://maps.googleapis.com/maps/api/geocode/json?address=385+Rue+Verdure%2C+Brossard%2C+QC%2C+Canada&key=AIzaSyBGG9KMwSfFPJ_-vipDANTSj6LB4TPFlk8  
[2025-11-15 20:48:56] local.ERROR: Erreur API Geocoding : {"error_message":"API keys with referer restrictions cannot be used with this API.","results":[],"status":"REQUEST_DENIED"}  
[2025-11-16 14:52:24] local.DEBUG: Début création de fiche. Adresse : 278 Rue du Curé Allard, Nicolet, QC, Canada  
[2025-11-16 14:52:24] local.DEBUG: Appel API Geocoding : https://maps.googleapis.com/maps/api/geocode/json?address=278+Rue+du+Cur%C3%A9+Allard%2C+Nicolet%2C+QC%2C+Canada&key=AIzaSyBGG9KMwSfFPJ_-vipDANTSj6LB4TPFlk8  
[2025-11-16 14:52:24] local.ERROR: Erreur API Geocoding : {"error_message":"API keys with referer restrictions cannot be used with this API.","results":[],"status":"REQUEST_DENIED"}  
[2025-11-17 14:11:57] local.DEBUG: Début création de fiche. Adresse : 349 Rue du Merlot, Sainte-Marthe-sur-le-Lac, QC, Canada  
[2025-11-17 14:11:57] local.DEBUG: Appel API Geocoding : https://maps.googleapis.com/maps/api/geocode/json?address=349+Rue+du+Merlot%2C+Sainte-Marthe-sur-le-Lac%2C+QC%2C+Canada&key=AIzaSyBGG9KMwSfFPJ_-vipDANTSj6LB4TPFlk8  
[2025-11-17 14:11:58] local.ERROR: Erreur API Geocoding : {"error_message":"API keys with referer restrictions cannot be used with this API.","results":[],"status":"REQUEST_DENIED"}  
[2025-11-17 14:51:12] local.DEBUG: Début création de fiche. Adresse : 8140 Av. San Francisco, Brossard, QC, Canada  
[2025-11-17 14:51:12] local.DEBUG: Appel API Geocoding : https://maps.googleapis.com/maps/api/geocode/json?address=8140+Av.+San+Francisco%2C+Brossard%2C+QC%2C+Canada&key=AIzaSyBGG9KMwSfFPJ_-vipDANTSj6LB4TPFlk8  
[2025-11-17 14:51:12] local.ERROR: Erreur API Geocoding : {"error_message":"API keys with referer restrictions cannot be used with this API.","results":[],"status":"REQUEST_DENIED"}  
[2025-11-17 15:42:38] local.DEBUG: Début création de fiche. Adresse : 8140 Av. San Francisco, Brossard, QC, Canada  
[2025-11-17 15:42:38] local.DEBUG: Appel API Geocoding : https://maps.googleapis.com/maps/api/geocode/json?address=8140+Av.+San+Francisco%2C+Brossard%2C+QC%2C+Canada&key=AIzaSyBGG9KMwSfFPJ_-vipDANTSj6LB4TPFlk8  
[2025-11-17 15:42:39] local.ERROR: Erreur API Geocoding : {"error_message":"API keys with referer restrictions cannot be used with this API.","results":[],"status":"REQUEST_DENIED"}  
[2025-11-18 16:24:45] local.DEBUG: Début création de fiche. Adresse : 119 Rue Desruisseaux, East Angus, QC, Canada  
[2025-11-18 16:24:45] local.DEBUG: Appel API Geocoding : https://maps.googleapis.com/maps/api/geocode/json?address=119+Rue+Desruisseaux%2C+East+Angus%2C+QC%2C+Canada&key=AIzaSyBGG9KMwSfFPJ_-vipDANTSj6LB4TPFlk8  
[2025-11-18 16:24:45] local.ERROR: Erreur API Geocoding : {"error_message":"API keys with referer restrictions cannot be used with this API.","results":[],"status":"REQUEST_DENIED"}  
[2025-11-18 17:28:17] local.DEBUG: Début création de fiche. Adresse : 5748 Boulevard Plamondon, Brossard, QC, Canada  
[2025-11-18 17:28:17] local.DEBUG: Appel API Geocoding : https://maps.googleapis.com/maps/api/geocode/json?address=5748+Boulevard+Plamondon%2C+Brossard%2C+QC%2C+Canada&key=AIzaSyBGG9KMwSfFPJ_-vipDANTSj6LB4TPFlk8  
[2025-11-18 17:28:17] local.ERROR: Erreur API Geocoding : {"error_message":"API keys with referer restrictions cannot be used with this API.","results":[],"status":"REQUEST_DENIED"}  
[2025-11-21 13:28:13] local.DEBUG: Début création de fiche. Adresse : 1315 Rue Lafontaine, Laval, QC, Canada  
[2025-11-21 13:28:13] local.DEBUG: Appel API Geocoding : https://maps.googleapis.com/maps/api/geocode/json?address=1315+Rue+Lafontaine%2C+Laval%2C+QC%2C+Canada&key=AIzaSyBGG9KMwSfFPJ_-vipDANTSj6LB4TPFlk8  
[2025-11-21 13:28:13] local.ERROR: Erreur API Geocoding : {"error_message":"API keys with referer restrictions cannot be used with this API.","results":[],"status":"REQUEST_DENIED"}  
[2025-11-21 15:49:02] local.DEBUG: Début création de fiche. Adresse : 900 Rue Riopel, Trois-Rivières, QC, Canada  
[2025-11-21 15:49:02] local.DEBUG: Appel API Geocoding : https://maps.googleapis.com/maps/api/geocode/json?address=900+Rue+Riopel%2C+Trois-Rivi%C3%A8res%2C+QC%2C+Canada&key=AIzaSyBGG9KMwSfFPJ_-vipDANTSj6LB4TPFlk8  
[2025-11-21 15:49:02] local.ERROR: Erreur API Geocoding : {"error_message":"API keys with referer restrictions cannot be used with this API.","results":[],"status":"REQUEST_DENIED"}  
[2025-11-22 20:23:48] local.DEBUG: Début création de fiche. Adresse : 183 Chemin Dainava, Morin-Heights, QC, Canada  
[2025-11-22 20:23:48] local.DEBUG: Appel API Geocoding : https://maps.googleapis.com/maps/api/geocode/json?address=183+Chemin+Dainava%2C+Morin-Heights%2C+QC%2C+Canada&key=AIzaSyBGG9KMwSfFPJ_-vipDANTSj6LB4TPFlk8  
[2025-11-22 20:23:48] local.ERROR: Erreur API Geocoding : {"error_message":"API keys with referer restrictions cannot be used with this API.","results":[],"status":"REQUEST_DENIED"}  
[2025-11-23 02:38:36] local.DEBUG: Début création de fiche. Adresse : 833 Rue Valiquette, Sainte-Adèle, QC J8B 2M4, Canada  
[2025-11-23 02:38:36] local.DEBUG: Appel API Geocoding : https://maps.googleapis.com/maps/api/geocode/json?address=833+Rue+Valiquette%2C+Sainte-Ad%C3%A8le%2C+QC+J8B+2M4%2C+Canada&key=AIzaSyBGG9KMwSfFPJ_-vipDANTSj6LB4TPFlk8  
[2025-11-23 02:38:37] local.ERROR: Erreur API Geocoding : {"error_message":"API keys with referer restrictions cannot be used with this API.","results":[],"status":"REQUEST_DENIED"}  
[2025-11-24 13:24:26] local.DEBUG: Début création de fiche. Adresse : 5915 Rue Vieni, Brossard, QC, Canada  
[2025-11-24 13:24:26] local.DEBUG: Appel API Geocoding : https://maps.googleapis.com/maps/api/geocode/json?address=5915+Rue+Vieni%2C+Brossard%2C+QC%2C+Canada&key=AIzaSyBGG9KMwSfFPJ_-vipDANTSj6LB4TPFlk8  
[2025-11-24 13:24:26] local.ERROR: Erreur API Geocoding : {"error_message":"API keys with referer restrictions cannot be used with this API.","results":[],"status":"REQUEST_DENIED"}  
[2025-11-24 14:23:16] local.DEBUG: Début création de fiche. Adresse : 561 Rue des Écoliers, Granby, QC, Canada  
[2025-11-24 14:23:16] local.DEBUG: Appel API Geocoding : https://maps.googleapis.com/maps/api/geocode/json?address=561+Rue+des+%C3%89coliers%2C+Granby%2C+QC%2C+Canada&key=AIzaSyBGG9KMwSfFPJ_-vipDANTSj6LB4TPFlk8  
[2025-11-24 14:23:16] local.ERROR: Erreur API Geocoding : {"error_message":"API keys with referer restrictions cannot be used with this API.","results":[],"status":"REQUEST_DENIED"}  
[2025-11-25 15:51:39] local.DEBUG: Début création de fiche. Adresse : 545 Rue Carmel-Lefebvre, Nicolet, QC, Canada  
[2025-11-25 15:51:39] local.DEBUG: Appel API Geocoding : https://maps.googleapis.com/maps/api/geocode/json?address=545+Rue+Carmel-Lefebvre%2C+Nicolet%2C+QC%2C+Canada&key=AIzaSyBGG9KMwSfFPJ_-vipDANTSj6LB4TPFlk8  
[2025-11-25 15:51:39] local.ERROR: Erreur API Geocoding : {"error_message":"API keys with referer restrictions cannot be used with this API.","results":[],"status":"REQUEST_DENIED"}  
[2025-11-25 21:06:51] local.DEBUG: Début création de fiche. Adresse : 1076 Rue Binette, Trois-Rivières, QC, Canada  
[2025-11-25 21:06:51] local.DEBUG: Appel API Geocoding : https://maps.googleapis.com/maps/api/geocode/json?address=1076+Rue+Binette%2C+Trois-Rivi%C3%A8res%2C+QC%2C+Canada&key=AIzaSyBGG9KMwSfFPJ_-vipDANTSj6LB4TPFlk8  
[2025-11-25 21:06:51] local.ERROR: Erreur API Geocoding : {"error_message":"API keys with referer restrictions cannot be used with this API.","results":[],"status":"REQUEST_DENIED"}  
[2025-11-26 20:35:12] local.DEBUG: Début création de fiche. Adresse : 168 Rue Notre Dame, Charlemagne, QC, Canada  
[2025-11-26 20:35:12] local.DEBUG: Appel API Geocoding : https://maps.googleapis.com/maps/api/geocode/json?address=168+Rue+Notre+Dame%2C+Charlemagne%2C+QC%2C+Canada&key=AIzaSyBGG9KMwSfFPJ_-vipDANTSj6LB4TPFlk8  
[2025-11-26 20:35:12] local.ERROR: Erreur API Geocoding : {"error_message":"API keys with referer restrictions cannot be used with this API.","results":[],"status":"REQUEST_DENIED"}  
[2025-11-27 14:14:00] local.DEBUG: Début création de fiche. Adresse : 1470 Rue Palerme, Brossard, QC, Canada  
[2025-11-27 14:14:00] local.DEBUG: Appel API Geocoding : https://maps.googleapis.com/maps/api/geocode/json?address=1470+Rue+Palerme%2C+Brossard%2C+QC%2C+Canada&key=AIzaSyBGG9KMwSfFPJ_-vipDANTSj6LB4TPFlk8  
[2025-11-27 14:14:00] local.ERROR: Erreur API Geocoding : {"error_message":"API keys with referer restrictions cannot be used with this API.","results":[],"status":"REQUEST_DENIED"}  
[2025-11-27 22:13:07] local.DEBUG: Début création de fiche. Adresse : 74 Chemin Fournel, Sainte-Anne-des-Lacs, QC, Canada  
[2025-11-27 22:13:07] local.DEBUG: Appel API Geocoding : https://maps.googleapis.com/maps/api/geocode/json?address=74+Chemin+Fournel%2C+Sainte-Anne-des-Lacs%2C+QC%2C+Canada&key=AIzaSyBGG9KMwSfFPJ_-vipDANTSj6LB4TPFlk8  
[2025-11-27 22:13:07] local.ERROR: Erreur API Geocoding : {"error_message":"API keys with referer restrictions cannot be used with this API.","results":[],"status":"REQUEST_DENIED"}  
[2025-11-28 17:05:31] local.DEBUG: Début création de fiche. Adresse : 890 Chemin des Bêtes Puantes, Saint-Roch-de-Mékinac, QC, Canada  
[2025-11-28 17:05:31] local.DEBUG: Appel API Geocoding : https://maps.googleapis.com/maps/api/geocode/json?address=890+Chemin+des+B%C3%AAtes+Puantes%2C+Saint-Roch-de-M%C3%A9kinac%2C+QC%2C+Canada&key=AIzaSyBGG9KMwSfFPJ_-vipDANTSj6LB4TPFlk8  
[2025-11-28 17:05:31] local.ERROR: Erreur API Geocoding : {"error_message":"API keys with referer restrictions cannot be used with this API.","results":[],"status":"REQUEST_DENIED"}  
[2025-11-29 02:24:50] local.DEBUG: Début création de fiche. Adresse : 5430 Rue Léon Méthot, Trois-Rivières, QC, Canada  
[2025-11-29 02:24:50] local.DEBUG: Appel API Geocoding : https://maps.googleapis.com/maps/api/geocode/json?address=5430+Rue+L%C3%A9on+M%C3%A9thot%2C+Trois-Rivi%C3%A8res%2C+QC%2C+Canada&key=AIzaSyBGG9KMwSfFPJ_-vipDANTSj6LB4TPFlk8  
[2025-11-29 02:24:51] local.ERROR: Erreur API Geocoding : {"error_message":"API keys with referer restrictions cannot be used with this API.","results":[],"status":"REQUEST_DENIED"}  
[2025-11-30 00:46:58] local.DEBUG: Début création de fiche. Adresse : 4300 Place des Cageux, Laval, QC, Canada  
[2025-11-30 00:46:58] local.DEBUG: Appel API Geocoding : https://maps.googleapis.com/maps/api/geocode/json?address=4300+Place+des+Cageux%2C+Laval%2C+QC%2C+Canada&key=AIzaSyBGG9KMwSfFPJ_-vipDANTSj6LB4TPFlk8  
[2025-11-30 00:46:58] local.ERROR: Erreur API Geocoding : {"error_message":"API keys with referer restrictions cannot be used with this API.","results":[],"status":"REQUEST_DENIED"}  
[2025-12-01 17:08:14] local.DEBUG: Début création de fiche. Adresse : 7395 Rue Lucien-Laferté, Trois-Riviã¨Res, QC, Canada  
[2025-12-01 17:08:14] local.DEBUG: Appel API Geocoding : https://maps.googleapis.com/maps/api/geocode/json?address=7395+Rue+Lucien-Lafert%C3%A9%2C+Trois-Rivi%C3%A3%C2%A8Res%2C+QC%2C+Canada&key=AIzaSyBGG9KMwSfFPJ_-vipDANTSj6LB4TPFlk8  
[2025-12-01 17:08:15] local.ERROR: Erreur API Geocoding : {"error_message":"API keys with referer restrictions cannot be used with this API.","results":[],"status":"REQUEST_DENIED"}  
[2025-12-03 04:34:44] local.DEBUG: Début création de fiche. Adresse : 1670 Croissant Sibérie, Brossard, QC, Canada  
[2025-12-03 04:34:44] local.DEBUG: Appel API Geocoding : https://maps.googleapis.com/maps/api/geocode/json?address=1670+Croissant+Sib%C3%A9rie%2C+Brossard%2C+QC%2C+Canada&key=AIzaSyBGG9KMwSfFPJ_-vipDANTSj6LB4TPFlk8  
[2025-12-03 04:34:44] local.ERROR: Erreur API Geocoding : {"error_message":"API keys with referer restrictions cannot be used with this API.","results":[],"status":"REQUEST_DENIED"}  
[2025-12-03 18:36:38] local.DEBUG: Début création de fiche. Adresse : 7630 Rue de Trinidad, Brossard, QC, Canada  
[2025-12-03 18:36:38] local.DEBUG: Appel API Geocoding : https://maps.googleapis.com/maps/api/geocode/json?address=7630+Rue+de+Trinidad%2C+Brossard%2C+QC%2C+Canada&key=AIzaSyBGG9KMwSfFPJ_-vipDANTSj6LB4TPFlk8  
[2025-12-03 18:36:39] local.ERROR: Erreur API Geocoding : {"error_message":"API keys with referer restrictions cannot be used with this API.","results":[],"status":"REQUEST_DENIED"}  
[2025-12-05 18:46:11] local.DEBUG: Début création de fiche. Adresse : 4016 Rue William Sauvageau, Trois-Rivières, QC, Canada  
[2025-12-05 18:46:11] local.DEBUG: Appel API Geocoding : https://maps.googleapis.com/maps/api/geocode/json?address=4016+Rue+William+Sauvageau%2C+Trois-Rivi%C3%A8res%2C+QC%2C+Canada&key=AIzaSyBGG9KMwSfFPJ_-vipDANTSj6LB4TPFlk8  
[2025-12-05 18:46:12] local.ERROR: Erreur API Geocoding : {"error_message":"API keys with referer restrictions cannot be used with this API.","results":[],"status":"REQUEST_DENIED"}  
[2025-12-06 18:48:54] local.DEBUG: Début création de fiche. Adresse : 1311 Chemin du Chantecler, Sainte-Adèle, QC, Canada  
[2025-12-06 18:48:54] local.DEBUG: Appel API Geocoding : https://maps.googleapis.com/maps/api/geocode/json?address=1311+Chemin+du+Chantecler%2C+Sainte-Ad%C3%A8le%2C+QC%2C+Canada&key=AIzaSyBGG9KMwSfFPJ_-vipDANTSj6LB4TPFlk8  
[2025-12-06 18:48:54] local.ERROR: Erreur API Geocoding : {"error_message":"API keys with referer restrictions cannot be used with this API.","results":[],"status":"REQUEST_DENIED"}  
[2025-12-06 18:54:40] local.DEBUG: Début création de fiche. Adresse : 1311 Chemin du Chantecler, Sainte-Adèle, QC, Canada  
[2025-12-06 18:54:40] local.DEBUG: Appel API Geocoding : https://maps.googleapis.com/maps/api/geocode/json?address=1311+Chemin+du+Chantecler%2C+Sainte-Ad%C3%A8le%2C+QC%2C+Canada&key=AIzaSyBGG9KMwSfFPJ_-vipDANTSj6LB4TPFlk8  
[2025-12-06 18:54:40] local.ERROR: Erreur API Geocoding : {"error_message":"API keys with referer restrictions cannot be used with this API.","results":[],"status":"REQUEST_DENIED"}  
[2025-12-08 21:37:56] local.DEBUG: Début création de fiche. Adresse : 489 Rue Saint Pierre Sud, Saint-Constant, QC, Canada  
[2025-12-08 21:37:56] local.DEBUG: Appel API Geocoding : https://maps.googleapis.com/maps/api/geocode/json?address=489+Rue+Saint+Pierre+Sud%2C+Saint-Constant%2C+QC%2C+Canada&key=AIzaSyBGG9KMwSfFPJ_-vipDANTSj6LB4TPFlk8  
[2025-12-08 21:37:56] local.ERROR: Erreur API Geocoding : {"error_message":"API keys with referer restrictions cannot be used with this API.","results":[],"status":"REQUEST_DENIED"}  
[2025-12-10 14:08:18] local.DEBUG: Début création de fiche. Adresse : 1960 Chemin Bellerive, Carignan, QC, Canada  
[2025-12-10 14:08:18] local.DEBUG: Appel API Geocoding : https://maps.googleapis.com/maps/api/geocode/json?address=1960+Chemin+Bellerive%2C+Carignan%2C+QC%2C+Canada&key=AIzaSyBGG9KMwSfFPJ_-vipDANTSj6LB4TPFlk8  
[2025-12-10 14:08:18] local.ERROR: Erreur API Geocoding : {"error_message":"API keys with referer restrictions cannot be used with this API.","results":[],"status":"REQUEST_DENIED"}  
[2025-12-11 16:20:26] local.DEBUG: Début création de fiche. Adresse : 175 Rue des Méandres, Pointe-à-la-Croix, QC, Canada  
[2025-12-11 16:20:26] local.DEBUG: Appel API Geocoding : https://maps.googleapis.com/maps/api/geocode/json?address=175+Rue+des+M%C3%A9andres%2C+Pointe-%C3%A0-la-Croix%2C+QC%2C+Canada&key=AIzaSyBGG9KMwSfFPJ_-vipDANTSj6LB4TPFlk8  
[2025-12-11 16:20:26] local.ERROR: Erreur API Geocoding : {"error_message":"API keys with referer restrictions cannot be used with this API.","results":[],"status":"REQUEST_DENIED"}  
[2025-12-11 16:20:58] local.DEBUG: Début création de fiche. Adresse : 175 Rue des Méandres, Pointe-à-la-Croix, QC, Canada  
[2025-12-11 16:20:58] local.DEBUG: Appel API Geocoding : https://maps.googleapis.com/maps/api/geocode/json?address=175+Rue+des+M%C3%A9andres%2C+Pointe-%C3%A0-la-Croix%2C+QC%2C+Canada&key=AIzaSyBGG9KMwSfFPJ_-vipDANTSj6LB4TPFlk8  
[2025-12-11 16:20:58] local.ERROR: Erreur API Geocoding : {"error_message":"API keys with referer restrictions cannot be used with this API.","results":[],"status":"REQUEST_DENIED"}  
[2025-12-16 19:44:40] local.DEBUG: Début création de fiche. Adresse : 85 Chemin des Cèdres, Rigaud, QC, Canada  
[2025-12-16 19:44:40] local.DEBUG: Appel API Geocoding : https://maps.googleapis.com/maps/api/geocode/json?address=85+Chemin+des+C%C3%A8dres%2C+Rigaud%2C+QC%2C+Canada&key=AIzaSyBGG9KMwSfFPJ_-vipDANTSj6LB4TPFlk8  
[2025-12-16 19:44:40] local.ERROR: Erreur API Geocoding : {"error_message":"API keys with referer restrictions cannot be used with this API.","results":[],"status":"REQUEST_DENIED"}  
[2025-12-18 04:32:12] local.DEBUG: Début création de fiche. Adresse : 1376 Rue Gustave-Désourdy, Saint-Hubert, QC, Canada  
[2025-12-18 04:32:12] local.DEBUG: Appel API Geocoding : https://maps.googleapis.com/maps/api/geocode/json?address=1376+Rue+Gustave-D%C3%A9sourdy%2C+Saint-Hubert%2C+QC%2C+Canada&key=AIzaSyBGG9KMwSfFPJ_-vipDANTSj6LB4TPFlk8  
[2025-12-18 04:32:12] local.ERROR: Erreur API Geocoding : {"error_message":"API keys with referer restrictions cannot be used with this API.","results":[],"status":"REQUEST_DENIED"}  
[2025-12-19 02:04:15] local.DEBUG: Début création de fiche. Adresse : 3704 Grand Boulevard, Saint-Hubert, QC, Canada  
[2025-12-19 02:04:15] local.DEBUG: Appel API Geocoding : https://maps.googleapis.com/maps/api/geocode/json?address=3704+Grand+Boulevard%2C+Saint-Hubert%2C+QC%2C+Canada&key=AIzaSyBGG9KMwSfFPJ_-vipDANTSj6LB4TPFlk8  
[2025-12-19 02:04:15] local.ERROR: Erreur API Geocoding : {"error_message":"API keys with referer restrictions cannot be used with this API.","results":[],"status":"REQUEST_DENIED"}  
[2025-12-19 20:45:10] local.DEBUG: Début création de fiche. Adresse : 1040 Avenue Panama, Brossard, QC, Canada  
[2025-12-19 20:45:10] local.DEBUG: Appel API Geocoding : https://maps.googleapis.com/maps/api/geocode/json?address=1040+Avenue+Panama%2C+Brossard%2C+QC%2C+Canada&key=AIzaSyBGG9KMwSfFPJ_-vipDANTSj6LB4TPFlk8  
[2025-12-19 20:45:11] local.ERROR: Erreur API Geocoding : {"error_message":"API keys with referer restrictions cannot be used with this API.","results":[],"status":"REQUEST_DENIED"}  
[2025-12-20 19:52:28] local.DEBUG: Début création de fiche. Adresse : 275 chemin des Faitières  
[2025-12-20 19:52:28] local.DEBUG: Appel API Geocoding : https://maps.googleapis.com/maps/api/geocode/json?address=275+chemin+des+Faiti%C3%A8res&key=AIzaSyBGG9KMwSfFPJ_-vipDANTSj6LB4TPFlk8  
[2025-12-20 19:52:28] local.ERROR: Erreur API Geocoding : {"error_message":"API keys with referer restrictions cannot be used with this API.","results":[],"status":"REQUEST_DENIED"}  
[2025-12-21 18:10:28] local.DEBUG: Début création de fiche. Adresse : 95 Rue Jean-Pierre Despins, Saint-Léonard-d'Aston, QC, Canada  
[2025-12-21 18:10:28] local.DEBUG: Appel API Geocoding : https://maps.googleapis.com/maps/api/geocode/json?address=95+Rue+Jean-Pierre+Despins%2C+Saint-L%C3%A9onard-d%27Aston%2C+QC%2C+Canada&key=AIzaSyBGG9KMwSfFPJ_-vipDANTSj6LB4TPFlk8  
[2025-12-21 18:10:28] local.ERROR: Erreur API Geocoding : {"error_message":"API keys with referer restrictions cannot be used with this API.","results":[],"status":"REQUEST_DENIED"}  
[2025-12-22 14:42:54] local.DEBUG: Début création de fiche. Adresse : 2665 Rue Berlioz, Brossard, QC, Canada  
[2025-12-22 14:42:54] local.DEBUG: Appel API Geocoding : https://maps.googleapis.com/maps/api/geocode/json?address=2665+Rue+Berlioz%2C+Brossard%2C+QC%2C+Canada&key=AIzaSyBGG9KMwSfFPJ_-vipDANTSj6LB4TPFlk8  
[2025-12-22 14:42:54] local.ERROR: Erreur API Geocoding : {"error_message":"API keys with referer restrictions cannot be used with this API.","results":[],"status":"REQUEST_DENIED"}  
[2025-12-28 20:43:24] local.DEBUG: Début création de fiche. Adresse : 2716 Chemin du Village, Saint-Adolphe-d'Howard, QC, Canada  
[2025-12-28 20:43:24] local.DEBUG: Appel API Geocoding : https://maps.googleapis.com/maps/api/geocode/json?address=2716+Chemin+du+Village%2C+Saint-Adolphe-d%27Howard%2C+QC%2C+Canada&key=AIzaSyBGG9KMwSfFPJ_-vipDANTSj6LB4TPFlk8  
[2025-12-28 20:43:25] local.ERROR: Erreur API Geocoding : {"error_message":"API keys with referer restrictions cannot be used with this API.","results":[],"status":"REQUEST_DENIED"}  
[2025-12-29 18:58:56] local.DEBUG: Début création de fiche. Adresse : 18 Rue du Moulin, Saint-Stanislas-de-Champlain, QC, Canada  
[2025-12-29 18:58:56] local.DEBUG: Appel API Geocoding : https://maps.googleapis.com/maps/api/geocode/json?address=18+Rue+du+Moulin%2C+Saint-Stanislas-de-Champlain%2C+QC%2C+Canada&key=AIzaSyBGG9KMwSfFPJ_-vipDANTSj6LB4TPFlk8  
[2025-12-29 18:58:56] local.ERROR: Erreur API Geocoding : {"error_message":"API keys with referer restrictions cannot be used with this API.","results":[],"status":"REQUEST_DENIED"}  
[2025-12-29 19:30:14] local.DEBUG: Début création de fiche. Adresse : 29 Rue du Moulin, Saint-Stanislas-de-Champlain, QC, Canada  
[2025-12-29 19:30:14] local.DEBUG: Appel API Geocoding : https://maps.googleapis.com/maps/api/geocode/json?address=29+Rue+du+Moulin%2C+Saint-Stanislas-de-Champlain%2C+QC%2C+Canada&key=AIzaSyBGG9KMwSfFPJ_-vipDANTSj6LB4TPFlk8  
[2025-12-29 19:30:15] local.ERROR: Erreur API Geocoding : {"error_message":"API keys with referer restrictions cannot be used with this API.","results":[],"status":"REQUEST_DENIED"}  
[2025-12-29 20:12:11] local.DEBUG: Début création de fiche. Adresse : 30 Rue du Moulin, Saint-Stanislas-de-Champlain, QC, Canada  
[2025-12-29 20:12:11] local.DEBUG: Appel API Geocoding : https://maps.googleapis.com/maps/api/geocode/json?address=30+Rue+du+Moulin%2C+Saint-Stanislas-de-Champlain%2C+QC%2C+Canada&key=AIzaSyBGG9KMwSfFPJ_-vipDANTSj6LB4TPFlk8  
[2025-12-29 20:12:12] local.ERROR: Erreur API Geocoding : {"error_message":"API keys with referer restrictions cannot be used with this API.","results":[],"status":"REQUEST_DENIED"}  
[2025-12-30 18:17:43] local.DEBUG: Début création de fiche. Adresse : 1960 Rue Principale, Saint-Stanislas, QC, Canada  
[2025-12-30 18:17:43] local.DEBUG: Appel API Geocoding : https://maps.googleapis.com/maps/api/geocode/json?address=1960+Rue+Principale%2C+Saint-Stanislas%2C+QC%2C+Canada&key=AIzaSyBGG9KMwSfFPJ_-vipDANTSj6LB4TPFlk8  
[2025-12-30 18:17:43] local.ERROR: Erreur API Geocoding : {"error_message":"API keys with referer restrictions cannot be used with this API.","results":[],"status":"REQUEST_DENIED"}  
[2025-12-30 18:55:11] local.DEBUG: Début création de fiche. Adresse : 2070 Québec 352, Saint-Stanislas-de-Champlain, QC, Canada  
[2025-12-30 18:55:11] local.DEBUG: Appel API Geocoding : https://maps.googleapis.com/maps/api/geocode/json?address=2070+Qu%C3%A9bec+352%2C+Saint-Stanislas-de-Champlain%2C+QC%2C+Canada&key=AIzaSyBGG9KMwSfFPJ_-vipDANTSj6LB4TPFlk8  
[2025-12-30 18:55:11] local.ERROR: Erreur API Geocoding : {"error_message":"API keys with referer restrictions cannot be used with this API.","results":[],"status":"REQUEST_DENIED"}  
[2025-12-30 20:08:39] local.DEBUG: Début création de fiche. Adresse : 30 Grande Allée, Trois-Rivières, QC, Canada  
[2025-12-30 20:08:39] local.DEBUG: Appel API Geocoding : https://maps.googleapis.com/maps/api/geocode/json?address=30+Grande+All%C3%A9e%2C+Trois-Rivi%C3%A8res%2C+QC%2C+Canada&key=AIzaSyBGG9KMwSfFPJ_-vipDANTSj6LB4TPFlk8  
[2025-12-30 20:08:40] local.ERROR: Erreur API Geocoding : {"error_message":"API keys with referer restrictions cannot be used with this API.","results":[],"status":"REQUEST_DENIED"}  
[2025-12-30 21:46:14] local.DEBUG: Début création de fiche. Adresse : 5511 Boulevard du Chanoine Moreau, Trois-Rivières, QC, Canada  
[2025-12-30 21:46:14] local.DEBUG: Appel API Geocoding : https://maps.googleapis.com/maps/api/geocode/json?address=5511+Boulevard+du+Chanoine+Moreau%2C+Trois-Rivi%C3%A8res%2C+QC%2C+Canada&key=AIzaSyBGG9KMwSfFPJ_-vipDANTSj6LB4TPFlk8  
[2025-12-30 21:46:15] local.ERROR: Erreur API Geocoding : {"error_message":"API keys with referer restrictions cannot be used with this API.","results":[],"status":"REQUEST_DENIED"}  
[2026-01-04 02:00:15] local.DEBUG: Début création de fiche. Adresse : 1310 Place Sagan, Brossard, QC, Canada  
[2026-01-04 02:00:15] local.DEBUG: Appel API Geocoding : https://maps.googleapis.com/maps/api/geocode/json?address=1310+Place+Sagan%2C+Brossard%2C+QC%2C+Canada&key=AIzaSyBGG9KMwSfFPJ_-vipDANTSj6LB4TPFlk8  
[2026-01-04 02:00:15] local.ERROR: Erreur API Geocoding : {"error_message":"API keys with referer restrictions cannot be used with this API.","results":[],"status":"REQUEST_DENIED"}  
[2026-01-04 22:39:18] local.DEBUG: Début création de fiche. Adresse : 384 Chemin Lac Violon, Sainte-Marguerite-du-Lac-Masson, QC, Canada  
[2026-01-04 22:39:18] local.DEBUG: Appel API Geocoding : https://maps.googleapis.com/maps/api/geocode/json?address=384+Chemin+Lac+Violon%2C+Sainte-Marguerite-du-Lac-Masson%2C+QC%2C+Canada&key=AIzaSyBGG9KMwSfFPJ_-vipDANTSj6LB4TPFlk8  
[2026-01-04 22:39:18] local.ERROR: Erreur API Geocoding : {"error_message":"API keys with referer restrictions cannot be used with this API.","results":[],"status":"REQUEST_DENIED"}  
[2026-01-05 18:53:10] local.DEBUG: Début création de fiche. Adresse : 3090 Rue des Chardonnerets, Trois-Rivières, QC, Canada  
[2026-01-05 18:53:10] local.DEBUG: Appel API Geocoding : https://maps.googleapis.com/maps/api/geocode/json?address=3090+Rue+des+Chardonnerets%2C+Trois-Rivi%C3%A8res%2C+QC%2C+Canada&key=AIzaSyBGG9KMwSfFPJ_-vipDANTSj6LB4TPFlk8  
[2026-01-05 18:53:10] local.ERROR: Erreur API Geocoding : {"error_message":"API keys with referer restrictions cannot be used with this API.","results":[],"status":"REQUEST_DENIED"}  
[2026-01-06 01:07:42] local.DEBUG: Début création de fiche. Adresse : 22 Rue des Érables, Saint-Rémi, QC, Canada  
[2026-01-06 01:07:42] local.DEBUG: Appel API Geocoding : https://maps.googleapis.com/maps/api/geocode/json?address=22+Rue+des+%C3%89rables%2C+Saint-R%C3%A9mi%2C+QC%2C+Canada&key=AIzaSyBGG9KMwSfFPJ_-vipDANTSj6LB4TPFlk8  
[2026-01-06 01:07:43] local.ERROR: Erreur API Geocoding : {"error_message":"API keys with referer restrictions cannot be used with this API.","results":[],"status":"REQUEST_DENIED"}  
[2026-01-07 03:26:03] local.DEBUG: Début création de fiche. Adresse : 9350 Rue des Rubaniers, Brossard, QC, Canada  
[2026-01-07 03:26:03] local.DEBUG: Appel API Geocoding : https://maps.googleapis.com/maps/api/geocode/json?address=9350+Rue+des+Rubaniers%2C+Brossard%2C+QC%2C+Canada&key=AIzaSyBGG9KMwSfFPJ_-vipDANTSj6LB4TPFlk8  
[2026-01-07 03:26:04] local.ERROR: Erreur API Geocoding : {"error_message":"API keys with referer restrictions cannot be used with this API.","results":[],"status":"REQUEST_DENIED"}  
[2026-01-08 02:20:39] local.DEBUG: Début création de fiche. Adresse : 3995 Rue Outremont, Brossard, QC, Canada  
[2026-01-08 02:20:39] local.DEBUG: Appel API Geocoding : https://maps.googleapis.com/maps/api/geocode/json?address=3995+Rue+Outremont%2C+Brossard%2C+QC%2C+Canada&key=AIzaSyBGG9KMwSfFPJ_-vipDANTSj6LB4TPFlk8  
[2026-01-08 02:20:39] local.ERROR: Erreur API Geocoding : {"error_message":"API keys with referer restrictions cannot be used with this API.","results":[],"status":"REQUEST_DENIED"}  
[2026-01-08 17:45:53] local.DEBUG: Début création de fiche. Adresse : 765 Québec 153, Saint-Tite, QC, Canada  
[2026-01-08 17:45:53] local.DEBUG: Appel API Geocoding : https://maps.googleapis.com/maps/api/geocode/json?address=765+Qu%C3%A9bec+153%2C+Saint-Tite%2C+QC%2C+Canada&key=AIzaSyBGG9KMwSfFPJ_-vipDANTSj6LB4TPFlk8  
[2026-01-08 17:45:53] local.ERROR: Erreur API Geocoding : {"error_message":"API keys with referer restrictions cannot be used with this API.","results":[],"status":"REQUEST_DENIED"}  
[2026-01-08 19:16:05] local.DEBUG: Début création de fiche. Adresse : 8050 Boulevard du Saint Laurent, Brossard, QC, Canada  
[2026-01-08 19:16:05] local.DEBUG: Appel API Geocoding : https://maps.googleapis.com/maps/api/geocode/json?address=8050+Boulevard+du+Saint+Laurent%2C+Brossard%2C+QC%2C+Canada&key=AIzaSyBGG9KMwSfFPJ_-vipDANTSj6LB4TPFlk8  
[2026-01-08 19:16:05] local.ERROR: Erreur API Geocoding : {"error_message":"API keys with referer restrictions cannot be used with this API.","results":[],"status":"REQUEST_DENIED"}  
[2026-01-08 19:33:00] local.DEBUG: Début création de fiche. Adresse : 400 Rue Eugene Goyette, Maple Grove, QC, Canada  
[2026-01-08 19:33:00] local.DEBUG: Appel API Geocoding : https://maps.googleapis.com/maps/api/geocode/json?address=400+Rue+Eugene+Goyette%2C+Maple+Grove%2C+QC%2C+Canada&key=AIzaSyBGG9KMwSfFPJ_-vipDANTSj6LB4TPFlk8  
[2026-01-08 19:33:01] local.ERROR: Erreur API Geocoding : {"error_message":"API keys with referer restrictions cannot be used with this API.","results":[],"status":"REQUEST_DENIED"}  
[2026-01-09 01:09:14] local.DEBUG: Début création de fiche. Adresse : 572 Rue Théodore-Béchard, Saint-Jean-sur-Richelieu, QC, Canada  
[2026-01-09 01:09:14] local.DEBUG: Appel API Geocoding : https://maps.googleapis.com/maps/api/geocode/json?address=572+Rue+Th%C3%A9odore-B%C3%A9chard%2C+Saint-Jean-sur-Richelieu%2C+QC%2C+Canada&key=AIzaSyBGG9KMwSfFPJ_-vipDANTSj6LB4TPFlk8  
[2026-01-09 01:09:14] local.ERROR: Erreur API Geocoding : {"error_message":"API keys with referer restrictions cannot be used with this API.","results":[],"status":"REQUEST_DENIED"}  
[2026-01-09 17:38:05] local.DEBUG: Début création de fiche. Adresse : 1301 Rue Jean Nicolet, Trois-Rivières, QC, Canada  
[2026-01-09 17:38:05] local.DEBUG: Appel API Geocoding : https://maps.googleapis.com/maps/api/geocode/json?address=1301+Rue+Jean+Nicolet%2C+Trois-Rivi%C3%A8res%2C+QC%2C+Canada&key=AIzaSyBGG9KMwSfFPJ_-vipDANTSj6LB4TPFlk8  
[2026-01-09 17:38:05] local.ERROR: Erreur API Geocoding : {"error_message":"API keys with referer restrictions cannot be used with this API.","results":[],"status":"REQUEST_DENIED"}  
[2026-01-09 19:04:31] local.DEBUG: Début création de fiche. Adresse : 7435 Rue Johanne, La Prairie, QC, Canada  
[2026-01-09 19:04:31] local.DEBUG: Appel API Geocoding : https://maps.googleapis.com/maps/api/geocode/json?address=7435+Rue+Johanne%2C+La+Prairie%2C+QC%2C+Canada&key=AIzaSyBGG9KMwSfFPJ_-vipDANTSj6LB4TPFlk8  
[2026-01-09 19:04:31] local.ERROR: Erreur API Geocoding : {"error_message":"API keys with referer restrictions cannot be used with this API.","results":[],"status":"REQUEST_DENIED"}  
[2026-01-10 03:24:53] local.DEBUG: Début création de fiche. Adresse : 1185 Chemin du Tour du Lac, Nominingue, QC, Canada  
[2026-01-10 03:24:53] local.DEBUG: Appel API Geocoding : https://maps.googleapis.com/maps/api/geocode/json?address=1185+Chemin+du+Tour+du+Lac%2C+Nominingue%2C+QC%2C+Canada&key=AIzaSyBGG9KMwSfFPJ_-vipDANTSj6LB4TPFlk8  
[2026-01-10 03:24:53] local.ERROR: Erreur API Geocoding : {"error_message":"API keys with referer restrictions cannot be used with this API.","results":[],"status":"REQUEST_DENIED"}  
[2026-01-10 14:56:51] local.DEBUG: Début création de fiche. Adresse : 758 Rue Jolliet, Trois-Rivières, QC, Canada  
[2026-01-10 14:56:51] local.DEBUG: Appel API Geocoding : https://maps.googleapis.com/maps/api/geocode/json?address=758+Rue+Jolliet%2C+Trois-Rivi%C3%A8res%2C+QC%2C+Canada&key=AIzaSyBGG9KMwSfFPJ_-vipDANTSj6LB4TPFlk8  
[2026-01-10 14:56:51] local.ERROR: Erreur API Geocoding : {"error_message":"API keys with referer restrictions cannot be used with this API.","results":[],"status":"REQUEST_DENIED"}  
[2026-01-12 15:25:43] local.DEBUG: Début création de fiche. Adresse : 3520 Rue de Rouen, Trois-Rivières, QC, Canada  
[2026-01-12 15:25:43] local.DEBUG: Appel API Geocoding : https://maps.googleapis.com/maps/api/geocode/json?address=3520+Rue+de+Rouen%2C+Trois-Rivi%C3%A8res%2C+QC%2C+Canada&key=AIzaSyBGG9KMwSfFPJ_-vipDANTSj6LB4TPFlk8  
[2026-01-12 15:25:43] local.ERROR: Erreur API Geocoding : {"error_message":"API keys with referer restrictions cannot be used with this API.","results":[],"status":"REQUEST_DENIED"}  
[2026-01-13 14:43:10] local.DEBUG: Début création de fiche. Adresse : 6 Montée des Pins, Lac-Brome, QC, Canada  
[2026-01-13 14:43:10] local.DEBUG: Appel API Geocoding : https://maps.googleapis.com/maps/api/geocode/json?address=6+Mont%C3%A9e+des+Pins%2C+Lac-Brome%2C+QC%2C+Canada&key=AIzaSyBGG9KMwSfFPJ_-vipDANTSj6LB4TPFlk8  
[2026-01-13 14:43:10] local.ERROR: Erreur API Geocoding : {"error_message":"API keys with referer restrictions cannot be used with this API.","results":[],"status":"REQUEST_DENIED"}  
[2026-01-13 22:37:26] local.ERROR: Object of class Illuminate\Database\Eloquent\Collection could not be converted to int (View: /home/lemaycon/app.lemayconsulting.com/resources/views/users/fiches/pdf/index.blade.php) {"userId":25,"exception":"[object] (Facade\\Ignition\\Exceptions\\ViewException(code: 0): Object of class Illuminate\\Database\\Eloquent\\Collection could not be converted to int (View: /home/lemaycon/app.lemayconsulting.com/resources/views/users/fiches/pdf/index.blade.php) at /home/lemaycon/app.lemayconsulting.com/resources/views/users/fiches/pdf/index.blade.php:183)
[stacktrace]
#0 /home/lemaycon/app.lemayconsulting.com/resources/views/users/fiches/pdf/index.blade.php(183): Illuminate\\Foundation\\Bootstrap\\HandleExceptions->handleError(8, 'Object of class...', '/home/lemaycon/...', 183, Array)
#1 /home/lemaycon/app.lemayconsulting.com/vendor/laravel/framework/src/Illuminate/View/Engines/PhpEngine.php(43): include('/home/lemaycon/...')
#2 /home/lemaycon/app.lemayconsulting.com/vendor/laravel/framework/src/Illuminate/View/Engines/CompilerEngine.php(59): Illuminate\\View\\Engines\\PhpEngine->evaluatePath('/home/lemaycon/...', Array)
#3 /home/lemaycon/app.lemayconsulting.com/vendor/facade/ignition/src/Views/Engines/CompilerEngine.php(36): Illuminate\\View\\Engines\\CompilerEngine->get('/home/lemaycon/...', Array)
#4 /home/lemaycon/app.lemayconsulting.com/vendor/laravel/framework/src/Illuminate/View/View.php(143): Facade\\Ignition\\Views\\Engines\\CompilerEngine->get('/home/lemaycon/...', Array)
#5 /home/lemaycon/app.lemayconsulting.com/vendor/laravel/framework/src/Illuminate/View/View.php(126): Illuminate\\View\\View->getContents()
#6 /home/lemaycon/app.lemayconsulting.com/vendor/laravel/framework/src/Illuminate/View/View.php(91): Illuminate\\View\\View->renderContents()
#7 /home/lemaycon/app.lemayconsulting.com/vendor/barryvdh/laravel-dompdf/src/PDF.php(132): Illuminate\\View\\View->render()
#8 /home/lemaycon/app.lemayconsulting.com/vendor/barryvdh/laravel-dompdf/src/Facade.php(31): Barryvdh\\DomPDF\\PDF->loadView('users.fiches.pd...', Array)
#9 /home/lemaycon/app.lemayconsulting.com/app/Http/Controllers/FicheController.php(911): Barryvdh\\DomPDF\\Facade::__callStatic('loadView', Array)
#10 [internal function]: App\\Http\\Controllers\\FicheController->downloadPDF('10858')
#11 /home/lemaycon/app.lemayconsulting.com/vendor/laravel/framework/src/Illuminate/Routing/Controller.php(54): call_user_func_array(Array, Array)
#12 /home/lemaycon/app.lemayconsulting.com/vendor/laravel/framework/src/Illuminate/Routing/ControllerDispatcher.php(45): Illuminate\\Routing\\Controller->callAction('downloadPDF', Array)
#13 /home/lemaycon/app.lemayconsulting.com/vendor/laravel/framework/src/Illuminate/Routing/Route.php(219): Illuminate\\Routing\\ControllerDispatcher->dispatch(Object(Illuminate\\Routing\\Route), Object(App\\Http\\Controllers\\FicheController), 'downloadPDF')
#14 /home/lemaycon/app.lemayconsulting.com/vendor/laravel/framework/src/Illuminate/Routing/Route.php(176): Illuminate\\Routing\\Route->runController()
#15 /home/lemaycon/app.lemayconsulting.com/vendor/laravel/framework/src/Illuminate/Routing/Router.php(681): Illuminate\\Routing\\Route->run()
#16 /home/lemaycon/app.lemayconsulting.com/vendor/laravel/framework/src/Illuminate/Pipeline/Pipeline.php(130): Illuminate\\Routing\\Router->Illuminate\\Routing\\{closure}(Object(Illuminate\\Http\\Request))
#17 /home/lemaycon/app.lemayconsulting.com/app/Http/Middleware/IsUser.php(19): Illuminate\\Pipeline\\Pipeline->Illuminate\\Pipeline\\{closure}(Object(Illuminate\\Http\\Request))
#18 /home/lemaycon/app.lemayconsulting.com/vendor/laravel/framework/src/Illuminate/Pipeline/Pipeline.php(171): App\\Http\\Middleware\\IsUser->handle(Object(Illuminate\\Http\\Request), Object(Closure))
#19 /home/lemaycon/app.lemayconsulting.com/vendor/laravel/framework/src/Illuminate/Routing/Middleware/SubstituteBindings.php(41): Illuminate\\Pipeline\\Pipeline->Illuminate\\Pipeline\\{closure}(Object(Illuminate\\Http\\Request))
#20 /home/lemaycon/app.lemayconsulting.com/vendor/laravel/framework/src/Illuminate/Pipeline/Pipeline.php(171): Illuminate\\Routing\\Middleware\\SubstituteBindings->handle(Object(Illuminate\\Http\\Request), Object(Closure))
#21 /home/lemaycon/app.lemayconsulting.com/vendor/laravel/framework/src/Illuminate/Auth/Middleware/Authenticate.php(43): Illuminate\\Pipeline\\Pipeline->Illuminate\\Pipeline\\{closure}(Object(Illuminate\\Http\\Request))
#22 /home/lemaycon/app.lemayconsulting.com/vendor/laravel/framework/src/Illuminate/Pipeline/Pipeline.php(171): Illuminate\\Auth\\Middleware\\Authenticate->handle(Object(Illuminate\\Http\\Request), Object(Closure))
#23 /home/lemaycon/app.lemayconsulting.com/vendor/laravel/framework/src/Illuminate/Foundation/Http/Middleware/VerifyCsrfToken.php(76): Illuminate\\Pipeline\\Pipeline->Illuminate\\Pipeline\\{closure}(Object(Illuminate\\Http\\Request))
#24 /home/lemaycon/app.lemayconsulting.com/vendor/laravel/framework/src/Illuminate/Pipeline/Pipeline.php(171): Illuminate\\Foundation\\Http\\Middleware\\VerifyCsrfToken->handle(Object(Illuminate\\Http\\Request), Object(Closure))
#25 /home/lemaycon/app.lemayconsulting.com/vendor/laravel/framework/src/Illuminate/View/Middleware/ShareErrorsFromSession.php(49): Illuminate\\Pipeline\\Pipeline->Illuminate\\Pipeline\\{closure}(Object(Illuminate\\Http\\Request))
#26 /home/lemaycon/app.lemayconsulting.com/vendor/laravel/framework/src/Illuminate/Pipeline/Pipeline.php(171): Illuminate\\View\\Middleware\\ShareErrorsFromSession->handle(Object(Illuminate\\Http\\Request), Object(Closure))
#27 /home/lemaycon/app.lemayconsulting.com/app/Http/Middleware/SetLocale.php(16): Illuminate\\Pipeline\\Pipeline->Illuminate\\Pipeline\\{closure}(Object(Illuminate\\Http\\Request))
#28 /home/lemaycon/app.lemayconsulting.com/vendor/laravel/framework/src/Illuminate/Pipeline/Pipeline.php(171): App\\Http\\Middleware\\SetLocale->handle(Object(Illuminate\\Http\\Request), Object(Closure))
#29 /home/lemaycon/app.lemayconsulting.com/vendor/laravel/framework/src/Illuminate/Session/Middleware/StartSession.php(56): Illuminate\\Pipeline\\Pipeline->Illuminate\\Pipeline\\{closure}(Object(Illuminate\\Http\\Request))
#30 /home/lemaycon/app.lemayconsulting.com/vendor/laravel/framework/src/Illuminate/Pipeline/Pipeline.php(171): Illuminate\\Session\\Middleware\\StartSession->handle(Object(Illuminate\\Http\\Request), Object(Closure))
#31 /home/lemaycon/app.lemayconsulting.com/vendor/laravel/framework/src/Illuminate/Cookie/Middleware/AddQueuedCookiesToResponse.php(37): Illuminate\\Pipeline\\Pipeline->Illuminate\\Pipeline\\{closure}(Object(Illuminate\\Http\\Request))
#32 /home/lemaycon/app.lemayconsulting.com/vendor/laravel/framework/src/Illuminate/Pipeline/Pipeline.php(171): Illuminate\\Cookie\\Middleware\\AddQueuedCookiesToResponse->handle(Object(Illuminate\\Http\\Request), Object(Closure))
#33 /home/lemaycon/app.lemayconsulting.com/vendor/laravel/framework/src/Illuminate/Cookie/Middleware/EncryptCookies.php(66): Illuminate\\Pipeline\\Pipeline->Illuminate\\Pipeline\\{closure}(Object(Illuminate\\Http\\Request))
#34 /home/lemaycon/app.lemayconsulting.com/vendor/laravel/framework/src/Illuminate/Pipeline/Pipeline.php(171): Illuminate\\Cookie\\Middleware\\EncryptCookies->handle(Object(Illuminate\\Http\\Request), Object(Closure))
#35 /home/lemaycon/app.lemayconsulting.com/vendor/laravel/framework/src/Illuminate/Pipeline/Pipeline.php(105): Illuminate\\Pipeline\\Pipeline->Illuminate\\Pipeline\\{closure}(Object(Illuminate\\Http\\Request))
#36 /home/lemaycon/app.lemayconsulting.com/vendor/laravel/framework/src/Illuminate/Routing/Router.php(683): Illuminate\\Pipeline\\Pipeline->then(Object(Closure))
#37 /home/lemaycon/app.lemayconsulting.com/vendor/laravel/framework/src/Illuminate/Routing/Router.php(658): Illuminate\\Routing\\Router->runRouteWithinStack(Object(Illuminate\\Routing\\Route), Object(Illuminate\\Http\\Request))
#38 /home/lemaycon/app.lemayconsulting.com/vendor/laravel/framework/src/Illuminate/Routing/Router.php(624): Illuminate\\Routing\\Router->runRoute(Object(Illuminate\\Http\\Request), Object(Illuminate\\Routing\\Route))
#39 /home/lemaycon/app.lemayconsulting.com/vendor/laravel/framework/src/Illuminate/Routing/Router.php(613): Illuminate\\Routing\\Router->dispatchToRoute(Object(Illuminate\\Http\\Request))
#40 /home/lemaycon/app.lemayconsulting.com/vendor/laravel/framework/src/Illuminate/Foundation/Http/Kernel.php(170): Illuminate\\Routing\\Router->dispatch(Object(Illuminate\\Http\\Request))
#41 /home/lemaycon/app.lemayconsulting.com/vendor/laravel/framework/src/Illuminate/Pipeline/Pipeline.php(130): Illuminate\\Foundation\\Http\\Kernel->Illuminate\\Foundation\\Http\\{closure}(Object(Illuminate\\Http\\Request))
#42 /home/lemaycon/app.lemayconsulting.com/vendor/laravel/framework/src/Illuminate/Foundation/Http/Middleware/TransformsRequest.php(21): Illuminate\\Pipeline\\Pipeline->Illuminate\\Pipeline\\{closure}(Object(Illuminate\\Http\\Request))
#43 /home/lemaycon/app.lemayconsulting.com/vendor/laravel/framework/src/Illuminate/Pipeline/Pipeline.php(171): Illuminate\\Foundation\\Http\\Middleware\\TransformsRequest->handle(Object(Illuminate\\Http\\Request), Object(Closure))
#44 /home/lemaycon/app.lemayconsulting.com/vendor/laravel/framework/src/Illuminate/Foundation/Http/Middleware/TransformsRequest.php(21): Illuminate\\Pipeline\\Pipeline->Illuminate\\Pipeline\\{closure}(Object(Illuminate\\Http\\Request))
#45 /home/lemaycon/app.lemayconsulting.com/vendor/laravel/framework/src/Illuminate/Pipeline/Pipeline.php(171): Illuminate\\Foundation\\Http\\Middleware\\TransformsRequest->handle(Object(Illuminate\\Http\\Request), Object(Closure))
#46 /home/lemaycon/app.lemayconsulting.com/vendor/laravel/framework/src/Illuminate/Foundation/Http/Middleware/ValidatePostSize.php(27): Illuminate\\Pipeline\\Pipeline->Illuminate\\Pipeline\\{closure}(Object(Illuminate\\Http\\Request))
#47 /home/lemaycon/app.lemayconsulting.com/vendor/laravel/framework/src/Illuminate/Pipeline/Pipeline.php(171): Illuminate\\Foundation\\Http\\Middleware\\ValidatePostSize->handle(Object(Illuminate\\Http\\Request), Object(Closure))
#48 /home/lemaycon/app.lemayconsulting.com/vendor/laravel/framework/src/Illuminate/Foundation/Http/Middleware/CheckForMaintenanceMode.php(63): Illuminate\\Pipeline\\Pipeline->Illuminate\\Pipeline\\{closure}(Object(Illuminate\\Http\\Request))
#49 /home/lemaycon/app.lemayconsulting.com/vendor/laravel/framework/src/Illuminate/Pipeline/Pipeline.php(171): Illuminate\\Foundation\\Http\\Middleware\\CheckForMaintenanceMode->handle(Object(Illuminate\\Http\\Request), Object(Closure))
#50 /home/lemaycon/app.lemayconsulting.com/vendor/fideloper/proxy/src/TrustProxies.php(57): Illuminate\\Pipeline\\Pipeline->Illuminate\\Pipeline\\{closure}(Object(Illuminate\\Http\\Request))
#51 /home/lemaycon/app.lemayconsulting.com/vendor/laravel/framework/src/Illuminate/Pipeline/Pipeline.php(171): Fideloper\\Proxy\\TrustProxies->handle(Object(Illuminate\\Http\\Request), Object(Closure))
#52 /home/lemaycon/app.lemayconsulting.com/vendor/laravel/framework/src/Illuminate/Pipeline/Pipeline.php(105): Illuminate\\Pipeline\\Pipeline->Illuminate\\Pipeline\\{closure}(Object(Illuminate\\Http\\Request))
#53 /home/lemaycon/app.lemayconsulting.com/vendor/laravel/framework/src/Illuminate/Foundation/Http/Kernel.php(145): Illuminate\\Pipeline\\Pipeline->then(Object(Closure))
#54 /home/lemaycon/app.lemayconsulting.com/vendor/laravel/framework/src/Illuminate/Foundation/Http/Kernel.php(110): Illuminate\\Foundation\\Http\\Kernel->sendRequestThroughRouter(Object(Illuminate\\Http\\Request))
#55 /home/lemaycon/app.lemayconsulting.com/public/index.php(55): Illuminate\\Foundation\\Http\\Kernel->handle(Object(Illuminate\\Http\\Request))
#56 {main}

[previous exception] [object] (ErrorException(code: 0): Object of class Illuminate\\Database\\Eloquent\\Collection could not be converted to int at /home/lemaycon/app.lemayconsulting.com/storage/framework/views/c707b6d7e11efa29b45b8ef0a891819910b60746.php:183)
[stacktrace]
#0 /home/lemaycon/app.lemayconsulting.com/storage/framework/views/c707b6d7e11efa29b45b8ef0a891819910b60746.php(183): Illuminate\\Foundation\\Bootstrap\\HandleExceptions->handleError(8, 'Object of class...', '/home/lemaycon/...', 183, Array)
#1 /home/lemaycon/app.lemayconsulting.com/vendor/laravel/framework/src/Illuminate/View/Engines/PhpEngine.php(43): include('/home/lemaycon/...')
#2 /home/lemaycon/app.lemayconsulting.com/vendor/laravel/framework/src/Illuminate/View/Engines/CompilerEngine.php(59): Illuminate\\View\\Engines\\PhpEngine->evaluatePath('/home/lemaycon/...', Array)
#3 /home/lemaycon/app.lemayconsulting.com/vendor/facade/ignition/src/Views/Engines/CompilerEngine.php(36): Illuminate\\View\\Engines\\CompilerEngine->get('/home/lemaycon/...', Array)
#4 /home/lemaycon/app.lemayconsulting.com/vendor/laravel/framework/src/Illuminate/View/View.php(143): Facade\\Ignition\\Views\\Engines\\CompilerEngine->get('/home/lemaycon/...', Array)
#5 /home/lemaycon/app.lemayconsulting.com/vendor/laravel/framework/src/Illuminate/View/View.php(126): Illuminate\\View\\View->getContents()
#6 /home/lemaycon/app.lemayconsulting.com/vendor/laravel/framework/src/Illuminate/View/View.php(91): Illuminate\\View\\View->renderContents()
#7 /home/lemaycon/app.lemayconsulting.com/vendor/barryvdh/laravel-dompdf/src/PDF.php(132): Illuminate\\View\\View->render()
#8 /home/lemaycon/app.lemayconsulting.com/vendor/barryvdh/laravel-dompdf/src/Facade.php(31): Barryvdh\\DomPDF\\PDF->loadView('users.fiches.pd...', Array)
#9 /home/lemaycon/app.lemayconsulting.com/app/Http/Controllers/FicheController.php(911): Barryvdh\\DomPDF\\Facade::__callStatic('loadView', Array)
#10 [internal function]: App\\Http\\Controllers\\FicheController->downloadPDF('10858')
#11 /home/lemaycon/app.lemayconsulting.com/vendor/laravel/framework/src/Illuminate/Routing/Controller.php(54): call_user_func_array(Array, Array)
#12 /home/lemaycon/app.lemayconsulting.com/vendor/laravel/framework/src/Illuminate/Routing/ControllerDispatcher.php(45): Illuminate\\Routing\\Controller->callAction('downloadPDF', Array)
#13 /home/lemaycon/app.lemayconsulting.com/vendor/laravel/framework/src/Illuminate/Routing/Route.php(219): Illuminate\\Routing\\ControllerDispatcher->dispatch(Object(Illuminate\\Routing\\Route), Object(App\\Http\\Controllers\\FicheController), 'downloadPDF')
#14 /home/lemaycon/app.lemayconsulting.com/vendor/laravel/framework/src/Illuminate/Routing/Route.php(176): Illuminate\\Routing\\Route->runController()
#15 /home/lemaycon/app.lemayconsulting.com/vendor/laravel/framework/src/Illuminate/Routing/Router.php(681): Illuminate\\Routing\\Route->run()
#16 /home/lemaycon/app.lemayconsulting.com/vendor/laravel/framework/src/Illuminate/Pipeline/Pipeline.php(130): Illuminate\\Routing\\Router->Illuminate\\Routing\\{closure}(Object(Illuminate\\Http\\Request))
#17 /home/lemaycon/app.lemayconsulting.com/app/Http/Middleware/IsUser.php(19): Illuminate\\Pipeline\\Pipeline->Illuminate\\Pipeline\\{closure}(Object(Illuminate\\Http\\Request))
#18 /home/lemaycon/app.lemayconsulting.com/vendor/laravel/framework/src/Illuminate/Pipeline/Pipeline.php(171): App\\Http\\Middleware\\IsUser->handle(Object(Illuminate\\Http\\Request), Object(Closure))
#19 /home/lemaycon/app.lemayconsulting.com/vendor/laravel/framework/src/Illuminate/Routing/Middleware/SubstituteBindings.php(41): Illuminate\\Pipeline\\Pipeline->Illuminate\\Pipeline\\{closure}(Object(Illuminate\\Http\\Request))
#20 /home/lemaycon/app.lemayconsulting.com/vendor/laravel/framework/src/Illuminate/Pipeline/Pipeline.php(171): Illuminate\\Routing\\Middleware\\SubstituteBindings->handle(Object(Illuminate\\Http\\Request), Object(Closure))
#21 /home/lemaycon/app.lemayconsulting.com/vendor/laravel/framework/src/Illuminate/Auth/Middleware/Authenticate.php(43): Illuminate\\Pipeline\\Pipeline->Illuminate\\Pipeline\\{closure}(Object(Illuminate\\Http\\Request))
#22 /home/lemaycon/app.lemayconsulting.com/vendor/laravel/framework/src/Illuminate/Pipeline/Pipeline.php(171): Illuminate\\Auth\\Middleware\\Authenticate->handle(Object(Illuminate\\Http\\Request), Object(Closure))
#23 /home/lemaycon/app.lemayconsulting.com/vendor/laravel/framework/src/Illuminate/Foundation/Http/Middleware/VerifyCsrfToken.php(76): Illuminate\\Pipeline\\Pipeline->Illuminate\\Pipeline\\{closure}(Object(Illuminate\\Http\\Request))
#24 /home/lemaycon/app.lemayconsulting.com/vendor/laravel/framework/src/Illuminate/Pipeline/Pipeline.php(171): Illuminate\\Foundation\\Http\\Middleware\\VerifyCsrfToken->handle(Object(Illuminate\\Http\\Request), Object(Closure))
#25 /home/lemaycon/app.lemayconsulting.com/vendor/laravel/framework/src/Illuminate/View/Middleware/ShareErrorsFromSession.php(49): Illuminate\\Pipeline\\Pipeline->Illuminate\\Pipeline\\{closure}(Object(Illuminate\\Http\\Request))
#26 /home/lemaycon/app.lemayconsulting.com/vendor/laravel/framework/src/Illuminate/Pipeline/Pipeline.php(171): Illuminate\\View\\Middleware\\ShareErrorsFromSession->handle(Object(Illuminate\\Http\\Request), Object(Closure))
#27 /home/lemaycon/app.lemayconsulting.com/app/Http/Middleware/SetLocale.php(16): Illuminate\\Pipeline\\Pipeline->Illuminate\\Pipeline\\{closure}(Object(Illuminate\\Http\\Request))
#28 /home/lemaycon/app.lemayconsulting.com/vendor/laravel/framework/src/Illuminate/Pipeline/Pipeline.php(171): App\\Http\\Middleware\\SetLocale->handle(Object(Illuminate\\Http\\Request), Object(Closure))
#29 /home/lemaycon/app.lemayconsulting.com/vendor/laravel/framework/src/Illuminate/Session/Middleware/StartSession.php(56): Illuminate\\Pipeline\\Pipeline->Illuminate\\Pipeline\\{closure}(Object(Illuminate\\Http\\Request))
#30 /home/lemaycon/app.lemayconsulting.com/vendor/laravel/framework/src/Illuminate/Pipeline/Pipeline.php(171): Illuminate\\Session\\Middleware\\StartSession->handle(Object(Illuminate\\Http\\Request), Object(Closure))
#31 /home/lemaycon/app.lemayconsulting.com/vendor/laravel/framework/src/Illuminate/Cookie/Middleware/AddQueuedCookiesToResponse.php(37): Illuminate\\Pipeline\\Pipeline->Illuminate\\Pipeline\\{closure}(Object(Illuminate\\Http\\Request))
#32 /home/lemaycon/app.lemayconsulting.com/vendor/laravel/framework/src/Illuminate/Pipeline/Pipeline.php(171): Illuminate\\Cookie\\Middleware\\AddQueuedCookiesToResponse->handle(Object(Illuminate\\Http\\Request), Object(Closure))
#33 /home/lemaycon/app.lemayconsulting.com/vendor/laravel/framework/src/Illuminate/Cookie/Middleware/EncryptCookies.php(66): Illuminate\\Pipeline\\Pipeline->Illuminate\\Pipeline\\{closure}(Object(Illuminate\\Http\\Request))
#34 /home/lemaycon/app.lemayconsulting.com/vendor/laravel/framework/src/Illuminate/Pipeline/Pipeline.php(171): Illuminate\\Cookie\\Middleware\\EncryptCookies->handle(Object(Illuminate\\Http\\Request), Object(Closure))
#35 /home/lemaycon/app.lemayconsulting.com/vendor/laravel/framework/src/Illuminate/Pipeline/Pipeline.php(105): Illuminate\\Pipeline\\Pipeline->Illuminate\\Pipeline\\{closure}(Object(Illuminate\\Http\\Request))
#36 /home/lemaycon/app.lemayconsulting.com/vendor/laravel/framework/src/Illuminate/Routing/Router.php(683): Illuminate\\Pipeline\\Pipeline->then(Object(Closure))
#37 /home/lemaycon/app.lemayconsulting.com/vendor/laravel/framework/src/Illuminate/Routing/Router.php(658): Illuminate\\Routing\\Router->runRouteWithinStack(Object(Illuminate\\Routing\\Route), Object(Illuminate\\Http\\Request))
#38 /home/lemaycon/app.lemayconsulting.com/vendor/laravel/framework/src/Illuminate/Routing/Router.php(624): Illuminate\\Routing\\Router->runRoute(Object(Illuminate\\Http\\Request), Object(Illuminate\\Routing\\Route))
#39 /home/lemaycon/app.lemayconsulting.com/vendor/laravel/framework/src/Illuminate/Routing/Router.php(613): Illuminate\\Routing\\Router->dispatchToRoute(Object(Illuminate\\Http\\Request))
#40 /home/lemaycon/app.lemayconsulting.com/vendor/laravel/framework/src/Illuminate/Foundation/Http/Kernel.php(170): Illuminate\\Routing\\Router->dispatch(Object(Illuminate\\Http\\Request))
#41 /home/lemaycon/app.lemayconsulting.com/vendor/laravel/framework/src/Illuminate/Pipeline/Pipeline.php(130): Illuminate\\Foundation\\Http\\Kernel->Illuminate\\Foundation\\Http\\{closure}(Object(Illuminate\\Http\\Request))
#42 /home/lemaycon/app.lemayconsulting.com/vendor/laravel/framework/src/Illuminate/Foundation/Http/Middleware/TransformsRequest.php(21): Illuminate\\Pipeline\\Pipeline->Illuminate\\Pipeline\\{closure}(Object(Illuminate\\Http\\Request))
#43 /home/lemaycon/app.lemayconsulting.com/vendor/laravel/framework/src/Illuminate/Pipeline/Pipeline.php(171): Illuminate\\Foundation\\Http\\Middleware\\TransformsRequest->handle(Object(Illuminate\\Http\\Request), Object(Closure))
#44 /home/lemaycon/app.lemayconsulting.com/vendor/laravel/framework/src/Illuminate/Foundation/Http/Middleware/TransformsRequest.php(21): Illuminate\\Pipeline\\Pipeline->Illuminate\\Pipeline\\{closure}(Object(Illuminate\\Http\\Request))
#45 /home/lemaycon/app.lemayconsulting.com/vendor/laravel/framework/src/Illuminate/Pipeline/Pipeline.php(171): Illuminate\\Foundation\\Http\\Middleware\\TransformsRequest->handle(Object(Illuminate\\Http\\Request), Object(Closure))
#46 /home/lemaycon/app.lemayconsulting.com/vendor/laravel/framework/src/Illuminate/Foundation/Http/Middleware/ValidatePostSize.php(27): Illuminate\\Pipeline\\Pipeline->Illuminate\\Pipeline\\{closure}(Object(Illuminate\\Http\\Request))
#47 /home/lemaycon/app.lemayconsulting.com/vendor/laravel/framework/src/Illuminate/Pipeline/Pipeline.php(171): Illuminate\\Foundation\\Http\\Middleware\\ValidatePostSize->handle(Object(Illuminate\\Http\\Request), Object(Closure))
#48 /home/lemaycon/app.lemayconsulting.com/vendor/laravel/framework/src/Illuminate/Foundation/Http/Middleware/CheckForMaintenanceMode.php(63): Illuminate\\Pipeline\\Pipeline->Illuminate\\Pipeline\\{closure}(Object(Illuminate\\Http\\Request))
#49 /home/lemaycon/app.lemayconsulting.com/vendor/laravel/framework/src/Illuminate/Pipeline/Pipeline.php(171): Illuminate\\Foundation\\Http\\Middleware\\CheckForMaintenanceMode->handle(Object(Illuminate\\Http\\Request), Object(Closure))
#50 /home/lemaycon/app.lemayconsulting.com/vendor/fideloper/proxy/src/TrustProxies.php(57): Illuminate\\Pipeline\\Pipeline->Illuminate\\Pipeline\\{closure}(Object(Illuminate\\Http\\Request))
#51 /home/lemaycon/app.lemayconsulting.com/vendor/laravel/framework/src/Illuminate/Pipeline/Pipeline.php(171): Fideloper\\Proxy\\TrustProxies->handle(Object(Illuminate\\Http\\Request), Object(Closure))
#52 /home/lemaycon/app.lemayconsulting.com/vendor/laravel/framework/src/Illuminate/Pipeline/Pipeline.php(105): Illuminate\\Pipeline\\Pipeline->Illuminate\\Pipeline\\{closure}(Object(Illuminate\\Http\\Request))
#53 /home/lemaycon/app.lemayconsulting.com/vendor/laravel/framework/src/Illuminate/Foundation/Http/Kernel.php(145): Illuminate\\Pipeline\\Pipeline->then(Object(Closure))
#54 /home/lemaycon/app.lemayconsulting.com/vendor/laravel/framework/src/Illuminate/Foundation/Http/Kernel.php(110): Illuminate\\Foundation\\Http\\Kernel->sendRequestThroughRouter(Object(Illuminate\\Http\\Request))
#55 /home/lemaycon/app.lemayconsulting.com/public/index.php(55): Illuminate\\Foundation\\Http\\Kernel->handle(Object(Illuminate\\Http\\Request))
#56 {main}
"} 
[2026-01-15 14:02:34] local.DEBUG: Début création de fiche. Adresse : 8200 Limoges, Brossard, QC, Canada  
[2026-01-15 14:02:34] local.DEBUG: Appel API Geocoding : https://maps.googleapis.com/maps/api/geocode/json?address=8200+Limoges%2C+Brossard%2C+QC%2C+Canada&key=AIzaSyBGG9KMwSfFPJ_-vipDANTSj6LB4TPFlk8  
[2026-01-15 14:02:34] local.ERROR: Erreur API Geocoding : {"error_message":"API keys with referer restrictions cannot be used with this API.","results":[],"status":"REQUEST_DENIED"}  
[2026-01-15 17:15:04] local.DEBUG: Début création de fiche. Adresse : 8255 Boul. Leduc, Brossard, QC J4Y 0N9, Canada  
[2026-01-15 17:15:04] local.DEBUG: Appel API Geocoding : https://maps.googleapis.com/maps/api/geocode/json?address=8255+Boul.+Leduc%2C+Brossard%2C+QC+J4Y+0N9%2C+Canada&key=AIzaSyBGG9KMwSfFPJ_-vipDANTSj6LB4TPFlk8  
[2026-01-15 17:15:05] local.ERROR: Erreur API Geocoding : {"error_message":"API keys with referer restrictions cannot be used with this API.","results":[],"status":"REQUEST_DENIED"}  
[2026-01-18 14:16:46] local.DEBUG: Début création de fiche. Adresse : 9085 Croissant Rouyn, Brossard, QC, Canada  
[2026-01-18 14:16:46] local.DEBUG: Appel API Geocoding : https://maps.googleapis.com/maps/api/geocode/json?address=9085+Croissant+Rouyn%2C+Brossard%2C+QC%2C+Canada&key=AIzaSyBGG9KMwSfFPJ_-vipDANTSj6LB4TPFlk8  
[2026-01-18 14:16:47] local.ERROR: Erreur API Geocoding : {"error_message":"API keys with referer restrictions cannot be used with this API.","results":[],"status":"REQUEST_DENIED"}  
[2026-01-18 15:47:36] local.DEBUG: Début création de fiche. Adresse : 33 Montée Victor Nymark, Saint-Sauveur, QC, Canada  
[2026-01-18 15:47:36] local.DEBUG: Appel API Geocoding : https://maps.googleapis.com/maps/api/geocode/json?address=33+Mont%C3%A9e+Victor+Nymark%2C+Saint-Sauveur%2C+QC%2C+Canada&key=AIzaSyBGG9KMwSfFPJ_-vipDANTSj6LB4TPFlk8  
[2026-01-18 15:47:36] local.DEBUG: Début création de fiche. Adresse : 33 Montée Victor Nymark, Saint-Sauveur, QC, Canada  
[2026-01-18 15:47:36] local.DEBUG: Appel API Geocoding : https://maps.googleapis.com/maps/api/geocode/json?address=33+Mont%C3%A9e+Victor+Nymark%2C+Saint-Sauveur%2C+QC%2C+Canada&key=AIzaSyBGG9KMwSfFPJ_-vipDANTSj6LB4TPFlk8  
[2026-01-18 15:47:36] local.ERROR: Erreur API Geocoding : {"error_message":"API keys with referer restrictions cannot be used with this API.","results":[],"status":"REQUEST_DENIED"}  
[2026-01-18 15:47:36] local.ERROR: Erreur API Geocoding : {"error_message":"API keys with referer restrictions cannot be used with this API.","results":[],"status":"REQUEST_DENIED"}  
[2026-01-18 23:54:52] local.DEBUG: Début création de fiche. Adresse : 1065 Rue Sénécal, Brossard, QC, Canada  
[2026-01-18 23:54:52] local.DEBUG: Appel API Geocoding : https://maps.googleapis.com/maps/api/geocode/json?address=1065+Rue+S%C3%A9n%C3%A9cal%2C+Brossard%2C+QC%2C+Canada&key=AIzaSyBGG9KMwSfFPJ_-vipDANTSj6LB4TPFlk8  
[2026-01-18 23:54:52] local.ERROR: Erreur API Geocoding : {"error_message":"API keys with referer restrictions cannot be used with this API.","results":[],"status":"REQUEST_DENIED"}  
[2026-01-19 18:27:58] local.DEBUG: Début création de fiche. Adresse : 43 Rue de Belgoville, Shawinigan, QC, Canada  
[2026-01-19 18:27:58] local.DEBUG: Appel API Geocoding : https://maps.googleapis.com/maps/api/geocode/json?address=43+Rue+de+Belgoville%2C+Shawinigan%2C+QC%2C+Canada&key=AIzaSyBGG9KMwSfFPJ_-vipDANTSj6LB4TPFlk8  
[2026-01-19 18:27:59] local.ERROR: Erreur API Geocoding : {"error_message":"API keys with referer restrictions cannot be used with this API.","results":[],"status":"REQUEST_DENIED"}  
[2026-01-19 19:06:31] local.DEBUG: Début création de fiche. Adresse : 5655 Rue de Marseille, Trois-Rivières, QC, Canada  
[2026-01-19 19:06:31] local.DEBUG: Appel API Geocoding : https://maps.googleapis.com/maps/api/geocode/json?address=5655+Rue+de+Marseille%2C+Trois-Rivi%C3%A8res%2C+QC%2C+Canada&key=AIzaSyBGG9KMwSfFPJ_-vipDANTSj6LB4TPFlk8  
[2026-01-19 19:06:31] local.ERROR: Erreur API Geocoding : {"error_message":"API keys with referer restrictions cannot be used with this API.","results":[],"status":"REQUEST_DENIED"}  
[2026-01-20 20:25:39] local.DEBUG: Début création de fiche. Adresse : 1474 Rue des Mouettes, Longueuil, QC, Canada  
[2026-01-20 20:25:39] local.DEBUG: Appel API Geocoding : https://maps.googleapis.com/maps/api/geocode/json?address=1474+Rue+des+Mouettes%2C+Longueuil%2C+QC%2C+Canada&key=AIzaSyBGG9KMwSfFPJ_-vipDANTSj6LB4TPFlk8  
[2026-01-20 20:25:39] local.ERROR: Erreur API Geocoding : {"error_message":"API keys with referer restrictions cannot be used with this API.","results":[],"status":"REQUEST_DENIED"}  
[2026-01-20 20:55:12] local.DEBUG: Début création de fiche. Adresse : 5225 Rue Leo Pidgeon, Trois-Rivières, QC, Canada  
[2026-01-20 20:55:12] local.DEBUG: Appel API Geocoding : https://maps.googleapis.com/maps/api/geocode/json?address=5225+Rue+Leo+Pidgeon%2C+Trois-Rivi%C3%A8res%2C+QC%2C+Canada&key=AIzaSyBGG9KMwSfFPJ_-vipDANTSj6LB4TPFlk8  
[2026-01-20 20:55:12] local.ERROR: Erreur API Geocoding : {"error_message":"API keys with referer restrictions cannot be used with this API.","results":[],"status":"REQUEST_DENIED"}  
[2026-01-20 21:44:24] local.DEBUG: Début création de fiche. Adresse : 3255 Avenue Bernard, Brossard, QC, Canada  
[2026-01-20 21:44:24] local.DEBUG: Appel API Geocoding : https://maps.googleapis.com/maps/api/geocode/json?address=3255+Avenue+Bernard%2C+Brossard%2C+QC%2C+Canada&key=AIzaSyBGG9KMwSfFPJ_-vipDANTSj6LB4TPFlk8  
[2026-01-20 21:44:24] local.ERROR: Erreur API Geocoding : {"error_message":"API keys with referer restrictions cannot be used with this API.","results":[],"status":"REQUEST_DENIED"}  
[2026-01-21 17:46:31] local.DEBUG: Début création de fiche. Adresse : 1377 Chemin Gémont, Saint-Adolphe-d'Howard, QC, Canada  
[2026-01-21 17:46:31] local.DEBUG: Appel API Geocoding : https://maps.googleapis.com/maps/api/geocode/json?address=1377+Chemin+G%C3%A9mont%2C+Saint-Adolphe-d%27Howard%2C+QC%2C+Canada&key=AIzaSyBGG9KMwSfFPJ_-vipDANTSj6LB4TPFlk8  
[2026-01-21 17:46:31] local.ERROR: Erreur API Geocoding : {"error_message":"API keys with referer restrictions cannot be used with this API.","results":[],"status":"REQUEST_DENIED"}  
[2026-01-22 18:04:18] local.DEBUG: Début création de fiche. Adresse : 1857 Rue Grisé, Longueuil, QC, Canada  
[2026-01-22 18:04:18] local.DEBUG: Appel API Geocoding : https://maps.googleapis.com/maps/api/geocode/json?address=1857+Rue+Gris%C3%A9%2C+Longueuil%2C+QC%2C+Canada&key=AIzaSyBGG9KMwSfFPJ_-vipDANTSj6LB4TPFlk8  
[2026-01-22 18:04:19] local.ERROR: Erreur API Geocoding : {"error_message":"API keys with referer restrictions cannot be used with this API.","results":[],"status":"REQUEST_DENIED"}  
[2026-01-23 16:36:36] local.DEBUG: Début création de fiche. Adresse : 7450 Rue Malherbe, Brossard, QC, Canada  
[2026-01-23 16:36:36] local.DEBUG: Appel API Geocoding : https://maps.googleapis.com/maps/api/geocode/json?address=7450+Rue+Malherbe%2C+Brossard%2C+QC%2C+Canada&key=AIzaSyBGG9KMwSfFPJ_-vipDANTSj6LB4TPFlk8  
[2026-01-23 16:36:36] local.ERROR: Erreur API Geocoding : {"error_message":"API keys with referer restrictions cannot be used with this API.","results":[],"status":"REQUEST_DENIED"}  
[2026-01-23 20:34:40] local.DEBUG: Début création de fiche. Adresse : 81 Rue Jacques, Trois-Rivières, QC, Canada  
[2026-01-23 20:34:40] local.DEBUG: Appel API Geocoding : https://maps.googleapis.com/maps/api/geocode/json?address=81+Rue+Jacques%2C+Trois-Rivi%C3%A8res%2C+QC%2C+Canada&key=AIzaSyBGG9KMwSfFPJ_-vipDANTSj6LB4TPFlk8  
[2026-01-23 20:34:40] local.ERROR: Erreur API Geocoding : {"error_message":"API keys with referer restrictions cannot be used with this API.","results":[],"status":"REQUEST_DENIED"}  
[2026-01-24 15:55:34] local.DEBUG: Début création de fiche. Adresse : 2716 Place Alfred, Brossard, QC, Canada  
[2026-01-24 15:55:34] local.DEBUG: Appel API Geocoding : https://maps.googleapis.com/maps/api/geocode/json?address=2716+Place+Alfred%2C+Brossard%2C+QC%2C+Canada&key=AIzaSyBGG9KMwSfFPJ_-vipDANTSj6LB4TPFlk8  
[2026-01-24 15:55:34] local.ERROR: Erreur API Geocoding : {"error_message":"API keys with referer restrictions cannot be used with this API.","results":[],"status":"REQUEST_DENIED"}  
[2026-01-25 23:39:31] local.DEBUG: Début création de fiche. Adresse : 8240 Boulevard Pelletier, Brossard, QC, Canada  
[2026-01-25 23:39:31] local.DEBUG: Appel API Geocoding : https://maps.googleapis.com/maps/api/geocode/json?address=8240+Boulevard+Pelletier%2C+Brossard%2C+QC%2C+Canada&key=AIzaSyBGG9KMwSfFPJ_-vipDANTSj6LB4TPFlk8  
[2026-01-25 23:39:31] local.ERROR: Erreur API Geocoding : {"error_message":"API keys with referer restrictions cannot be used with this API.","results":[],"status":"REQUEST_DENIED"}  
[2026-01-26 20:24:38] local.DEBUG: Début création de fiche. Adresse : 905 Rue du Cardinal Roy, Trois-Rivières, QC, Canada  
[2026-01-26 20:24:38] local.DEBUG: Appel API Geocoding : https://maps.googleapis.com/maps/api/geocode/json?address=905+Rue+du+Cardinal+Roy%2C+Trois-Rivi%C3%A8res%2C+QC%2C+Canada&key=AIzaSyBGG9KMwSfFPJ_-vipDANTSj6LB4TPFlk8  
[2026-01-26 20:24:38] local.ERROR: Erreur API Geocoding : {"error_message":"API keys with referer restrictions cannot be used with this API.","results":[],"status":"REQUEST_DENIED"}  
[2026-01-26 22:07:12] local.DEBUG: Début création de fiche. Adresse : 10 Rue des Cerisiers, Trois-Rivières, QC, Canada  
[2026-01-26 22:07:12] local.DEBUG: Appel API Geocoding : https://maps.googleapis.com/maps/api/geocode/json?address=10+Rue+des+Cerisiers%2C+Trois-Rivi%C3%A8res%2C+QC%2C+Canada&key=AIzaSyBGG9KMwSfFPJ_-vipDANTSj6LB4TPFlk8  
[2026-01-26 22:07:12] local.ERROR: Erreur API Geocoding : {"error_message":"API keys with referer restrictions cannot be used with this API.","results":[],"status":"REQUEST_DENIED"}  
[2026-01-27 17:34:58] local.DEBUG: Début création de fiche. Adresse : 203 Rue Frédéric Janssoone, Trois-Rivières, QC, Canada  
[2026-01-27 17:34:58] local.DEBUG: Appel API Geocoding : https://maps.googleapis.com/maps/api/geocode/json?address=203+Rue+Fr%C3%A9d%C3%A9ric+Janssoone%2C+Trois-Rivi%C3%A8res%2C+QC%2C+Canada&key=AIzaSyBGG9KMwSfFPJ_-vipDANTSj6LB4TPFlk8  
[2026-01-27 17:34:59] local.ERROR: Erreur API Geocoding : {"error_message":"API keys with referer restrictions cannot be used with this API.","results":[],"status":"REQUEST_DENIED"}  
[2026-01-28 18:12:03] local.DEBUG: Début création de fiche. Adresse : 89 Rue Boisbriand, Saint-Constant, QC, Canada  
[2026-01-28 18:12:03] local.DEBUG: Appel API Geocoding : https://maps.googleapis.com/maps/api/geocode/json?address=89+Rue+Boisbriand%2C+Saint-Constant%2C+QC%2C+Canada&key=AIzaSyBGG9KMwSfFPJ_-vipDANTSj6LB4TPFlk8  
[2026-01-28 18:12:03] local.ERROR: Erreur API Geocoding : {"error_message":"API keys with referer restrictions cannot be used with this API.","results":[],"status":"REQUEST_DENIED"}  
[2026-01-29 16:31:43] local.DEBUG: Début création de fiche. Adresse : 1090 Rue du Cardinal Roy, Trois-Rivières, QC, Canada  
[2026-01-29 16:31:43] local.DEBUG: Appel API Geocoding : https://maps.googleapis.com/maps/api/geocode/json?address=1090+Rue+du+Cardinal+Roy%2C+Trois-Rivi%C3%A8res%2C+QC%2C+Canada&key=AIzaSyBGG9KMwSfFPJ_-vipDANTSj6LB4TPFlk8  
[2026-01-29 16:31:44] local.ERROR: Erreur API Geocoding : {"error_message":"API keys with referer restrictions cannot be used with this API.","results":[],"status":"REQUEST_DENIED"}  
[2026-01-29 17:03:27] local.DEBUG: Début création de fiche. Adresse : 8310 Boulevard du Saint Laurent, Brossard, QC, Canada  
[2026-01-29 17:03:27] local.DEBUG: Appel API Geocoding : https://maps.googleapis.com/maps/api/geocode/json?address=8310+Boulevard+du+Saint+Laurent%2C+Brossard%2C+QC%2C+Canada&key=AIzaSyBGG9KMwSfFPJ_-vipDANTSj6LB4TPFlk8  
[2026-01-29 17:03:27] local.ERROR: Erreur API Geocoding : {"error_message":"API keys with referer restrictions cannot be used with this API.","results":[],"status":"REQUEST_DENIED"}  
[2026-01-29 18:27:20] local.DEBUG: Début création de fiche. Adresse : 472 Rue Gélinas, Trois-Rivières, QC, Canada  
[2026-01-29 18:27:20] local.DEBUG: Appel API Geocoding : https://maps.googleapis.com/maps/api/geocode/json?address=472+Rue+G%C3%A9linas%2C+Trois-Rivi%C3%A8res%2C+QC%2C+Canada&key=AIzaSyBGG9KMwSfFPJ_-vipDANTSj6LB4TPFlk8  
[2026-01-29 18:27:20] local.ERROR: Erreur API Geocoding : {"error_message":"API keys with referer restrictions cannot be used with this API.","results":[],"status":"REQUEST_DENIED"}  
[2026-01-30 05:04:37] local.DEBUG: Début création de fiche. Adresse : 70 Rue de la Barre, Longueuil, QC, Canada  
[2026-01-30 05:04:37] local.DEBUG: Appel API Geocoding : https://maps.googleapis.com/maps/api/geocode/json?address=70+Rue+de+la+Barre%2C+Longueuil%2C+QC%2C+Canada&key=AIzaSyBGG9KMwSfFPJ_-vipDANTSj6LB4TPFlk8  
[2026-01-30 05:04:37] local.ERROR: Erreur API Geocoding : {"error_message":"API keys with referer restrictions cannot be used with this API.","results":[],"status":"REQUEST_DENIED"}  
[2026-01-31 21:18:08] local.DEBUG: Début création de fiche. Adresse : 291 Chemin de la Corniche, Piedmont, QC, Canada  
[2026-01-31 21:18:08] local.DEBUG: Appel API Geocoding : https://maps.googleapis.com/maps/api/geocode/json?address=291+Chemin+de+la+Corniche%2C+Piedmont%2C+QC%2C+Canada&key=AIzaSyBGG9KMwSfFPJ_-vipDANTSj6LB4TPFlk8  
[2026-01-31 21:18:08] local.ERROR: Erreur API Geocoding : {"error_message":"API keys with referer restrictions cannot be used with this API.","results":[],"status":"REQUEST_DENIED"}  
[2026-02-02 16:17:29] local.DEBUG: Début création de fiche. Adresse : 349 Rue Marshall, Granby, QC, Canada  
[2026-02-02 16:17:29] local.DEBUG: Appel API Geocoding : https://maps.googleapis.com/maps/api/geocode/json?address=349+Rue+Marshall%2C+Granby%2C+QC%2C+Canada&key=AIzaSyBGG9KMwSfFPJ_-vipDANTSj6LB4TPFlk8  
[2026-02-02 16:17:29] local.ERROR: Erreur API Geocoding : {"error_message":"API keys with referer restrictions cannot be used with this API.","results":[],"status":"REQUEST_DENIED"}  
[2026-02-02 17:54:04] local.DEBUG: Début création de fiche. Adresse : 750 Rue Sabourin, Trois-Rivières, QC, Canada  
[2026-02-02 17:54:04] local.DEBUG: Appel API Geocoding : https://maps.googleapis.com/maps/api/geocode/json?address=750+Rue+Sabourin%2C+Trois-Rivi%C3%A8res%2C+QC%2C+Canada&key=AIzaSyBGG9KMwSfFPJ_-vipDANTSj6LB4TPFlk8  
[2026-02-02 17:54:05] local.ERROR: Erreur API Geocoding : {"error_message":"API keys with referer restrictions cannot be used with this API.","results":[],"status":"REQUEST_DENIED"}  
[2026-02-02 19:34:55] local.DEBUG: Début création de fiche. Adresse : 450 Rue Éloi de Grandmont, Nicolet, QC, Canada  
[2026-02-02 19:34:55] local.DEBUG: Appel API Geocoding : https://maps.googleapis.com/maps/api/geocode/json?address=450+Rue+%C3%89loi+de+Grandmont%2C+Nicolet%2C+QC%2C+Canada&key=AIzaSyBGG9KMwSfFPJ_-vipDANTSj6LB4TPFlk8  
[2026-02-02 19:34:55] local.ERROR: Erreur API Geocoding : {"error_message":"API keys with referer restrictions cannot be used with this API.","results":[],"status":"REQUEST_DENIED"}  
[2026-02-02 19:43:48] local.DEBUG: Début création de fiche. Adresse : 444 Rue Éloi de Grandmont, Nicolet, QC, Canada  
[2026-02-02 19:43:48] local.DEBUG: Appel API Geocoding : https://maps.googleapis.com/maps/api/geocode/json?address=444+Rue+%C3%89loi+de+Grandmont%2C+Nicolet%2C+QC%2C+Canada&key=AIzaSyBGG9KMwSfFPJ_-vipDANTSj6LB4TPFlk8  
[2026-02-02 19:43:48] local.ERROR: Erreur API Geocoding : {"error_message":"API keys with referer restrictions cannot be used with this API.","results":[],"status":"REQUEST_DENIED"}  
[2026-02-03 13:33:28] local.DEBUG: Début création de fiche. Adresse : 5190 Rue de la Légion, Saint-Hubert, QC, Canada  
[2026-02-03 13:33:28] local.DEBUG: Appel API Geocoding : https://maps.googleapis.com/maps/api/geocode/json?address=5190+Rue+de+la+L%C3%A9gion%2C+Saint-Hubert%2C+QC%2C+Canada&key=AIzaSyBGG9KMwSfFPJ_-vipDANTSj6LB4TPFlk8  
[2026-02-03 13:33:28] local.ERROR: Erreur API Geocoding : {"error_message":"API keys with referer restrictions cannot be used with this API.","results":[],"status":"REQUEST_DENIED"}  
[2026-02-03 15:12:28] local.DEBUG: Début création de fiche. Adresse : 116 Rue Beauchemin, Trois-Rivières, QC, Canada  
[2026-02-03 15:12:28] local.DEBUG: Appel API Geocoding : https://maps.googleapis.com/maps/api/geocode/json?address=116+Rue+Beauchemin%2C+Trois-Rivi%C3%A8res%2C+QC%2C+Canada&key=AIzaSyBGG9KMwSfFPJ_-vipDANTSj6LB4TPFlk8  
[2026-02-03 15:12:28] local.ERROR: Erreur API Geocoding : {"error_message":"API keys with referer restrictions cannot be used with this API.","results":[],"status":"REQUEST_DENIED"}  
[2026-02-03 17:39:21] local.DEBUG: Début création de fiche. Adresse : 3205 Rue Houde, Trois-Rivières, QC, Canada  
[2026-02-03 17:39:21] local.DEBUG: Appel API Geocoding : https://maps.googleapis.com/maps/api/geocode/json?address=3205+Rue+Houde%2C+Trois-Rivi%C3%A8res%2C+QC%2C+Canada&key=AIzaSyBGG9KMwSfFPJ_-vipDANTSj6LB4TPFlk8  
[2026-02-03 17:39:21] local.ERROR: Erreur API Geocoding : {"error_message":"API keys with referer restrictions cannot be used with this API.","results":[],"status":"REQUEST_DENIED"}  
[2026-02-03 19:25:10] local.DEBUG: Début création de fiche. Adresse : 837 Rue Saint-François, Granby, QC, Canada  
[2026-02-03 19:25:10] local.DEBUG: Appel API Geocoding : https://maps.googleapis.com/maps/api/geocode/json?address=837+Rue+Saint-Fran%C3%A7ois%2C+Granby%2C+QC%2C+Canada&key=AIzaSyBGG9KMwSfFPJ_-vipDANTSj6LB4TPFlk8  
[2026-02-03 19:25:10] local.ERROR: Erreur API Geocoding : {"error_message":"API keys with referer restrictions cannot be used with this API.","results":[],"status":"REQUEST_DENIED"}  
[2026-02-03 21:32:51] local.DEBUG: Début création de fiche. Adresse : 2769 Rue St Pierre, Saint-Maurice, QC, Canada  
[2026-02-03 21:32:51] local.DEBUG: Appel API Geocoding : https://maps.googleapis.com/maps/api/geocode/json?address=2769+Rue+St+Pierre%2C+Saint-Maurice%2C+QC%2C+Canada&key=AIzaSyBGG9KMwSfFPJ_-vipDANTSj6LB4TPFlk8  
[2026-02-03 21:32:51] local.ERROR: Erreur API Geocoding : {"error_message":"API keys with referer restrictions cannot be used with this API.","results":[],"status":"REQUEST_DENIED"}  
[2026-02-04 13:16:19] local.DEBUG: Début création de fiche. Adresse : 4 Rue Ogilvy Est, Saint-Hippolyte, QC, Canada  
[2026-02-04 13:16:19] local.DEBUG: Appel API Geocoding : https://maps.googleapis.com/maps/api/geocode/json?address=4+Rue+Ogilvy+Est%2C+Saint-Hippolyte%2C+QC%2C+Canada&key=AIzaSyBGG9KMwSfFPJ_-vipDANTSj6LB4TPFlk8  
[2026-02-04 13:16:20] local.ERROR: Erreur API Geocoding : {"error_message":"API keys with referer restrictions cannot be used with this API.","results":[],"status":"REQUEST_DENIED"}  
[2026-02-04 15:00:46] local.DEBUG: Début création de fiche. Adresse : 27 Rue George-Adams, Bromont, QC, Canada  
[2026-02-04 15:00:46] local.DEBUG: Appel API Geocoding : https://maps.googleapis.com/maps/api/geocode/json?address=27+Rue+George-Adams%2C+Bromont%2C+QC%2C+Canada&key=AIzaSyBGG9KMwSfFPJ_-vipDANTSj6LB4TPFlk8  
[2026-02-04 15:00:46] local.ERROR: Erreur API Geocoding : {"error_message":"API keys with referer restrictions cannot be used with this API.","results":[],"status":"REQUEST_DENIED"}  
[2026-02-05 02:59:40] local.DEBUG: Début création de fiche. Adresse : 8240 Rue de Londres, Brossard, QC, Canada  
[2026-02-05 02:59:40] local.DEBUG: Appel API Geocoding : https://maps.googleapis.com/maps/api/geocode/json?address=8240+Rue+de+Londres%2C+Brossard%2C+QC%2C+Canada&key=AIzaSyBGG9KMwSfFPJ_-vipDANTSj6LB4TPFlk8  
[2026-02-05 02:59:40] local.ERROR: Erreur API Geocoding : {"error_message":"API keys with referer restrictions cannot be used with this API.","results":[],"status":"REQUEST_DENIED"}  
[2026-02-05 13:10:01] local.DEBUG: Début création de fiche. Adresse : 965 Rue du Père Marquette, Trois-Rivières, QC, Canada  
[2026-02-05 13:10:01] local.DEBUG: Appel API Geocoding : https://maps.googleapis.com/maps/api/geocode/json?address=965+Rue+du+P%C3%A8re+Marquette%2C+Trois-Rivi%C3%A8res%2C+QC%2C+Canada&key=AIzaSyBGG9KMwSfFPJ_-vipDANTSj6LB4TPFlk8  
[2026-02-05 13:10:01] local.ERROR: Erreur API Geocoding : {"error_message":"API keys with referer restrictions cannot be used with this API.","results":[],"status":"REQUEST_DENIED"}  
[2026-02-05 14:04:37] local.DEBUG: Début création de fiche. Adresse : 6350 Rue Bourget, Brossard, QC, Canada  
[2026-02-05 14:04:37] local.DEBUG: Appel API Geocoding : https://maps.googleapis.com/maps/api/geocode/json?address=6350+Rue+Bourget%2C+Brossard%2C+QC%2C+Canada&key=AIzaSyBGG9KMwSfFPJ_-vipDANTSj6LB4TPFlk8  
[2026-02-05 14:04:37] local.ERROR: Erreur API Geocoding : {"error_message":"API keys with referer restrictions cannot be used with this API.","results":[],"status":"REQUEST_DENIED"}  
[2026-02-05 14:51:02] local.DEBUG: Début création de fiche. Adresse : 12725 Boulevard Saint-Jean, Trois-Riviã¨Res, QC, Canada  
[2026-02-05 14:51:02] local.DEBUG: Appel API Geocoding : https://maps.googleapis.com/maps/api/geocode/json?address=12725+Boulevard+Saint-Jean%2C+Trois-Rivi%C3%A3%C2%A8Res%2C+QC%2C+Canada&key=AIzaSyBGG9KMwSfFPJ_-vipDANTSj6LB4TPFlk8  
[2026-02-05 14:51:02] local.ERROR: Erreur API Geocoding : {"error_message":"API keys with referer restrictions cannot be used with this API.","results":[],"status":"REQUEST_DENIED"}  
[2026-02-06 13:51:51] local.DEBUG: Début création de fiche. Adresse : 2171 Rue du Carat, Terrebonne, QC, Canada  
[2026-02-06 13:51:51] local.DEBUG: Appel API Geocoding : https://maps.googleapis.com/maps/api/geocode/json?address=2171+Rue+du+Carat%2C+Terrebonne%2C+QC%2C+Canada&key=AIzaSyBGG9KMwSfFPJ_-vipDANTSj6LB4TPFlk8  
[2026-02-06 13:51:51] local.ERROR: Erreur API Geocoding : {"error_message":"API keys with referer restrictions cannot be used with this API.","results":[],"status":"REQUEST_DENIED"}  
[2026-02-06 14:15:55] local.DEBUG: Début création de fiche. Adresse : 5669 Rue Anthony, Brossard, QC, Canada  
[2026-02-06 14:15:55] local.DEBUG: Appel API Geocoding : https://maps.googleapis.com/maps/api/geocode/json?address=5669+Rue+Anthony%2C+Brossard%2C+QC%2C+Canada&key=AIzaSyBGG9KMwSfFPJ_-vipDANTSj6LB4TPFlk8  
[2026-02-06 14:15:56] local.ERROR: Erreur API Geocoding : {"error_message":"API keys with referer restrictions cannot be used with this API.","results":[],"status":"REQUEST_DENIED"}  
[2026-02-06 14:48:47] local.DEBUG: Début création de fiche. Adresse : 1205 Boulevard Bécancour, Bécancour, QC, Canada  
[2026-02-06 14:48:47] local.DEBUG: Appel API Geocoding : https://maps.googleapis.com/maps/api/geocode/json?address=1205+Boulevard+B%C3%A9cancour%2C+B%C3%A9cancour%2C+QC%2C+Canada&key=AIzaSyBGG9KMwSfFPJ_-vipDANTSj6LB4TPFlk8  
[2026-02-06 14:48:48] local.ERROR: Erreur API Geocoding : {"error_message":"API keys with referer restrictions cannot be used with this API.","results":[],"status":"REQUEST_DENIED"}  
[2026-02-06 18:19:54] local.DEBUG: Début création de fiche. Adresse : 37 Rue Roy, Trois-Rivières, QC, Canada  
[2026-02-06 18:19:54] local.DEBUG: Appel API Geocoding : https://maps.googleapis.com/maps/api/geocode/json?address=37+Rue+Roy%2C+Trois-Rivi%C3%A8res%2C+QC%2C+Canada&key=AIzaSyBGG9KMwSfFPJ_-vipDANTSj6LB4TPFlk8  
[2026-02-06 18:19:54] local.ERROR: Erreur API Geocoding : {"error_message":"API keys with referer restrictions cannot be used with this API.","results":[],"status":"REQUEST_DENIED"}  
[2026-02-07 15:55:41] local.DEBUG: Début création de fiche. Adresse : 1135 Rue Marc Aurèle Fortin, Val-David, QC, Canada  
[2026-02-07 15:55:41] local.DEBUG: Appel API Geocoding : https://maps.googleapis.com/maps/api/geocode/json?address=1135+Rue+Marc+Aur%C3%A8le+Fortin%2C+Val-David%2C+QC%2C+Canada&key=AIzaSyBGG9KMwSfFPJ_-vipDANTSj6LB4TPFlk8  
[2026-02-07 15:55:41] local.ERROR: Erreur API Geocoding : {"error_message":"API keys with referer restrictions cannot be used with this API.","results":[],"status":"REQUEST_DENIED"}  
[2026-02-07 23:09:24] local.DEBUG: Début création de fiche. Adresse : 79 Rue Boisvert, Trois-Rivières, QC, Canada  
[2026-02-07 23:09:24] local.DEBUG: Appel API Geocoding : https://maps.googleapis.com/maps/api/geocode/json?address=79+Rue+Boisvert%2C+Trois-Rivi%C3%A8res%2C+QC%2C+Canada&key=AIzaSyBGG9KMwSfFPJ_-vipDANTSj6LB4TPFlk8  
[2026-02-07 23:09:24] local.ERROR: Erreur API Geocoding : {"error_message":"API keys with referer restrictions cannot be used with this API.","results":[],"status":"REQUEST_DENIED"}  
[2026-02-08 00:25:39] local.DEBUG: Début création de fiche. Adresse : 122 Chemin de Blue Hills, Morin-Heights, QC, Canada  
[2026-02-08 00:25:39] local.DEBUG: Appel API Geocoding : https://maps.googleapis.com/maps/api/geocode/json?address=122+Chemin+de+Blue+Hills%2C+Morin-Heights%2C+QC%2C+Canada&key=AIzaSyBGG9KMwSfFPJ_-vipDANTSj6LB4TPFlk8  
[2026-02-08 00:25:40] local.ERROR: Erreur API Geocoding : {"error_message":"API keys with referer restrictions cannot be used with this API.","results":[],"status":"REQUEST_DENIED"}  
[2026-02-08 02:49:44] local.DEBUG: Début création de fiche. Adresse : 100 1e Avenue du Mont-Suisse, Saint-Sauveur, QC, Canada  
[2026-02-08 02:49:44] local.DEBUG: Appel API Geocoding : https://maps.googleapis.com/maps/api/geocode/json?address=100+1e+Avenue+du+Mont-Suisse%2C+Saint-Sauveur%2C+QC%2C+Canada&key=AIzaSyBGG9KMwSfFPJ_-vipDANTSj6LB4TPFlk8  
[2026-02-08 02:49:45] local.ERROR: Erreur API Geocoding : {"error_message":"API keys with referer restrictions cannot be used with this API.","results":[],"status":"REQUEST_DENIED"}  
[2026-02-08 12:06:23] local.ERROR: GPL Ghostscript 9.25: Unrecoverable error, exit code 1
 {"userId":112,"exception":"[object] (RuntimeException(code: 0): GPL Ghostscript 9.25: Unrecoverable error, exit code 1
 at /home/lemaycon/app.lemayconsulting.com/vendor/xthiago/pdf-version-converter/src/Converter/GhostscriptConverterCommand.php:39)
[stacktrace]
#0 /home/lemaycon/app.lemayconsulting.com/vendor/xthiago/pdf-version-converter/src/Converter/GhostscriptConverter.php(66): Xthiago\\PDFVersionConverter\\Converter\\GhostscriptConverterCommand->run('/home/lemaycon/...', '/tmp/pdf_versio...', '1.2')
#1 /home/lemaycon/app.lemayconsulting.com/app/Http/Controllers/FicheController.php(763): Xthiago\\PDFVersionConverter\\Converter\\GhostscriptConverter->convert('/home/lemaycon/...', '1.2')
#2 /home/lemaycon/app.lemayconsulting.com/app/Http/Controllers/FicheController.php(370): App\\Http\\Controllers\\FicheController->create_pdf_annexe(Object(App\\Annexe), Object(Illuminate\\Http\\Request))
#3 [internal function]: App\\Http\\Controllers\\FicheController->storeAnnexe('20211', Object(Illuminate\\Http\\Request))
#4 /home/lemaycon/app.lemayconsulting.com/vendor/laravel/framework/src/Illuminate/Routing/Controller.php(54): call_user_func_array(Array, Array)
#5 /home/lemaycon/app.lemayconsulting.com/vendor/laravel/framework/src/Illuminate/Routing/ControllerDispatcher.php(45): Illuminate\\Routing\\Controller->callAction('storeAnnexe', Array)
#6 /home/lemaycon/app.lemayconsulting.com/vendor/laravel/framework/src/Illuminate/Routing/Route.php(219): Illuminate\\Routing\\ControllerDispatcher->dispatch(Object(Illuminate\\Routing\\Route), Object(App\\Http\\Controllers\\FicheController), 'storeAnnexe')
#7 /home/lemaycon/app.lemayconsulting.com/vendor/laravel/framework/src/Illuminate/Routing/Route.php(176): Illuminate\\Routing\\Route->runController()
#8 /home/lemaycon/app.lemayconsulting.com/vendor/laravel/framework/src/Illuminate/Routing/Router.php(681): Illuminate\\Routing\\Route->run()
#9 /home/lemaycon/app.lemayconsulting.com/vendor/laravel/framework/src/Illuminate/Pipeline/Pipeline.php(130): Illuminate\\Routing\\Router->Illuminate\\Routing\\{closure}(Object(Illuminate\\Http\\Request))
#10 /home/lemaycon/app.lemayconsulting.com/app/Http/Middleware/IsUser.php(19): Illuminate\\Pipeline\\Pipeline->Illuminate\\Pipeline\\{closure}(Object(Illuminate\\Http\\Request))
#11 /home/lemaycon/app.lemayconsulting.com/vendor/laravel/framework/src/Illuminate/Pipeline/Pipeline.php(171): App\\Http\\Middleware\\IsUser->handle(Object(Illuminate\\Http\\Request), Object(Closure))
#12 /home/lemaycon/app.lemayconsulting.com/vendor/laravel/framework/src/Illuminate/Routing/Middleware/SubstituteBindings.php(41): Illuminate\\Pipeline\\Pipeline->Illuminate\\Pipeline\\{closure}(Object(Illuminate\\Http\\Request))
#13 /home/lemaycon/app.lemayconsulting.com/vendor/laravel/framework/src/Illuminate/Pipeline/Pipeline.php(171): Illuminate\\Routing\\Middleware\\SubstituteBindings->handle(Object(Illuminate\\Http\\Request), Object(Closure))
#14 /home/lemaycon/app.lemayconsulting.com/vendor/laravel/framework/src/Illuminate/Auth/Middleware/Authenticate.php(43): Illuminate\\Pipeline\\Pipeline->Illuminate\\Pipeline\\{closure}(Object(Illuminate\\Http\\Request))
#15 /home/lemaycon/app.lemayconsulting.com/vendor/laravel/framework/src/Illuminate/Pipeline/Pipeline.php(171): Illuminate\\Auth\\Middleware\\Authenticate->handle(Object(Illuminate\\Http\\Request), Object(Closure))
#16 /home/lemaycon/app.lemayconsulting.com/vendor/laravel/framework/src/Illuminate/Foundation/Http/Middleware/VerifyCsrfToken.php(76): Illuminate\\Pipeline\\Pipeline->Illuminate\\Pipeline\\{closure}(Object(Illuminate\\Http\\Request))
#17 /home/lemaycon/app.lemayconsulting.com/vendor/laravel/framework/src/Illuminate/Pipeline/Pipeline.php(171): Illuminate\\Foundation\\Http\\Middleware\\VerifyCsrfToken->handle(Object(Illuminate\\Http\\Request), Object(Closure))
#18 /home/lemaycon/app.lemayconsulting.com/vendor/laravel/framework/src/Illuminate/View/Middleware/ShareErrorsFromSession.php(49): Illuminate\\Pipeline\\Pipeline->Illuminate\\Pipeline\\{closure}(Object(Illuminate\\Http\\Request))
#19 /home/lemaycon/app.lemayconsulting.com/vendor/laravel/framework/src/Illuminate/Pipeline/Pipeline.php(171): Illuminate\\View\\Middleware\\ShareErrorsFromSession->handle(Object(Illuminate\\Http\\Request), Object(Closure))
#20 /home/lemaycon/app.lemayconsulting.com/app/Http/Middleware/SetLocale.php(16): Illuminate\\Pipeline\\Pipeline->Illuminate\\Pipeline\\{closure}(Object(Illuminate\\Http\\Request))
#21 /home/lemaycon/app.lemayconsulting.com/vendor/laravel/framework/src/Illuminate/Pipeline/Pipeline.php(171): App\\Http\\Middleware\\SetLocale->handle(Object(Illuminate\\Http\\Request), Object(Closure))
#22 /home/lemaycon/app.lemayconsulting.com/vendor/laravel/framework/src/Illuminate/Session/Middleware/StartSession.php(56): Illuminate\\Pipeline\\Pipeline->Illuminate\\Pipeline\\{closure}(Object(Illuminate\\Http\\Request))
#23 /home/lemaycon/app.lemayconsulting.com/vendor/laravel/framework/src/Illuminate/Pipeline/Pipeline.php(171): Illuminate\\Session\\Middleware\\StartSession->handle(Object(Illuminate\\Http\\Request), Object(Closure))
#24 /home/lemaycon/app.lemayconsulting.com/vendor/laravel/framework/src/Illuminate/Cookie/Middleware/AddQueuedCookiesToResponse.php(37): Illuminate\\Pipeline\\Pipeline->Illuminate\\Pipeline\\{closure}(Object(Illuminate\\Http\\Request))
#25 /home/lemaycon/app.lemayconsulting.com/vendor/laravel/framework/src/Illuminate/Pipeline/Pipeline.php(171): Illuminate\\Cookie\\Middleware\\AddQueuedCookiesToResponse->handle(Object(Illuminate\\Http\\Request), Object(Closure))
#26 /home/lemaycon/app.lemayconsulting.com/vendor/laravel/framework/src/Illuminate/Cookie/Middleware/EncryptCookies.php(66): Illuminate\\Pipeline\\Pipeline->Illuminate\\Pipeline\\{closure}(Object(Illuminate\\Http\\Request))
#27 /home/lemaycon/app.lemayconsulting.com/vendor/laravel/framework/src/Illuminate/Pipeline/Pipeline.php(171): Illuminate\\Cookie\\Middleware\\EncryptCookies->handle(Object(Illuminate\\Http\\Request), Object(Closure))
#28 /home/lemaycon/app.lemayconsulting.com/vendor/laravel/framework/src/Illuminate/Pipeline/Pipeline.php(105): Illuminate\\Pipeline\\Pipeline->Illuminate\\Pipeline\\{closure}(Object(Illuminate\\Http\\Request))
#29 /home/lemaycon/app.lemayconsulting.com/vendor/laravel/framework/src/Illuminate/Routing/Router.php(683): Illuminate\\Pipeline\\Pipeline->then(Object(Closure))
#30 /home/lemaycon/app.lemayconsulting.com/vendor/laravel/framework/src/Illuminate/Routing/Router.php(658): Illuminate\\Routing\\Router->runRouteWithinStack(Object(Illuminate\\Routing\\Route), Object(Illuminate\\Http\\Request))
#31 /home/lemaycon/app.lemayconsulting.com/vendor/laravel/framework/src/Illuminate/Routing/Router.php(624): Illuminate\\Routing\\Router->runRoute(Object(Illuminate\\Http\\Request), Object(Illuminate\\Routing\\Route))
#32 /home/lemaycon/app.lemayconsulting.com/vendor/laravel/framework/src/Illuminate/Routing/Router.php(613): Illuminate\\Routing\\Router->dispatchToRoute(Object(Illuminate\\Http\\Request))
#33 /home/lemaycon/app.lemayconsulting.com/vendor/laravel/framework/src/Illuminate/Foundation/Http/Kernel.php(170): Illuminate\\Routing\\Router->dispatch(Object(Illuminate\\Http\\Request))
#34 /home/lemaycon/app.lemayconsulting.com/vendor/laravel/framework/src/Illuminate/Pipeline/Pipeline.php(130): Illuminate\\Foundation\\Http\\Kernel->Illuminate\\Foundation\\Http\\{closure}(Object(Illuminate\\Http\\Request))
#35 /home/lemaycon/app.lemayconsulting.com/vendor/laravel/framework/src/Illuminate/Foundation/Http/Middleware/TransformsRequest.php(21): Illuminate\\Pipeline\\Pipeline->Illuminate\\Pipeline\\{closure}(Object(Illuminate\\Http\\Request))
#36 /home/lemaycon/app.lemayconsulting.com/vendor/laravel/framework/src/Illuminate/Pipeline/Pipeline.php(171): Illuminate\\Foundation\\Http\\Middleware\\TransformsRequest->handle(Object(Illuminate\\Http\\Request), Object(Closure))
#37 /home/lemaycon/app.lemayconsulting.com/vendor/laravel/framework/src/Illuminate/Foundation/Http/Middleware/TransformsRequest.php(21): Illuminate\\Pipeline\\Pipeline->Illuminate\\Pipeline\\{closure}(Object(Illuminate\\Http\\Request))
#38 /home/lemaycon/app.lemayconsulting.com/vendor/laravel/framework/src/Illuminate/Pipeline/Pipeline.php(171): Illuminate\\Foundation\\Http\\Middleware\\TransformsRequest->handle(Object(Illuminate\\Http\\Request), Object(Closure))
#39 /home/lemaycon/app.lemayconsulting.com/vendor/laravel/framework/src/Illuminate/Foundation/Http/Middleware/ValidatePostSize.php(27): Illuminate\\Pipeline\\Pipeline->Illuminate\\Pipeline\\{closure}(Object(Illuminate\\Http\\Request))
#40 /home/lemaycon/app.lemayconsulting.com/vendor/laravel/framework/src/Illuminate/Pipeline/Pipeline.php(171): Illuminate\\Foundation\\Http\\Middleware\\ValidatePostSize->handle(Object(Illuminate\\Http\\Request), Object(Closure))
#41 /home/lemaycon/app.lemayconsulting.com/vendor/laravel/framework/src/Illuminate/Foundation/Http/Middleware/CheckForMaintenanceMode.php(63): Illuminate\\Pipeline\\Pipeline->Illuminate\\Pipeline\\{closure}(Object(Illuminate\\Http\\Request))
#42 /home/lemaycon/app.lemayconsulting.com/vendor/laravel/framework/src/Illuminate/Pipeline/Pipeline.php(171): Illuminate\\Foundation\\Http\\Middleware\\CheckForMaintenanceMode->handle(Object(Illuminate\\Http\\Request), Object(Closure))
#43 /home/lemaycon/app.lemayconsulting.com/vendor/fideloper/proxy/src/TrustProxies.php(57): Illuminate\\Pipeline\\Pipeline->Illuminate\\Pipeline\\{closure}(Object(Illuminate\\Http\\Request))
#44 /home/lemaycon/app.lemayconsulting.com/vendor/laravel/framework/src/Illuminate/Pipeline/Pipeline.php(171): Fideloper\\Proxy\\TrustProxies->handle(Object(Illuminate\\Http\\Request), Object(Closure))
#45 /home/lemaycon/app.lemayconsulting.com/vendor/laravel/framework/src/Illuminate/Pipeline/Pipeline.php(105): Illuminate\\Pipeline\\Pipeline->Illuminate\\Pipeline\\{closure}(Object(Illuminate\\Http\\Request))
#46 /home/lemaycon/app.lemayconsulting.com/vendor/laravel/framework/src/Illuminate/Foundation/Http/Kernel.php(145): Illuminate\\Pipeline\\Pipeline->then(Object(Closure))
#47 /home/lemaycon/app.lemayconsulting.com/vendor/laravel/framework/src/Illuminate/Foundation/Http/Kernel.php(110): Illuminate\\Foundation\\Http\\Kernel->sendRequestThroughRouter(Object(Illuminate\\Http\\Request))
#48 /home/lemaycon/app.lemayconsulting.com/public/index.php(55): Illuminate\\Foundation\\Http\\Kernel->handle(Object(Illuminate\\Http\\Request))
#49 {main}
"} 
[2026-02-08 12:09:42] local.ERROR: Allowed memory size of 1073741824 bytes exhausted (tried to allocate 1745298416 bytes) {"userId":112,"exception":"[object] (Symfony\\Component\\Debug\\Exception\\FatalErrorException(code: 1): Allowed memory size of 1073741824 bytes exhausted (tried to allocate 1745298416 bytes) at /home/lemaycon/app.lemayconsulting.com/vendor/daltcore/lara-pdf-merger/src/LynX39/LaraPdfMerger/tcpdf/tcpdi.php:121)
[stacktrace]
#0 {main}
"} 
[2026-02-08 12:20:26] local.ERROR: file_get_contents(/home/lemaycon/app.lemayconsulting.com/public/uploads/tmp/e0613000bcd426e19c29ad052aa7ea49.pdf): failed to open stream: No such file or directory {"userId":112,"exception":"[object] (ErrorException(code: 0): file_get_contents(/home/lemaycon/app.lemayconsulting.com/public/uploads/tmp/e0613000bcd426e19c29ad052aa7ea49.pdf): failed to open stream: No such file or directory at /home/lemaycon/app.lemayconsulting.com/vendor/daltcore/lara-pdf-merger/src/LynX39/LaraPdfMerger/tcpdf/tcpdi.php:121)
[stacktrace]
#0 [internal function]: Illuminate\\Foundation\\Bootstrap\\HandleExceptions->handleError(2, 'file_get_conten...', '/home/lemaycon/...', 121, Array)
#1 /home/lemaycon/app.lemayconsulting.com/vendor/daltcore/lara-pdf-merger/src/LynX39/LaraPdfMerger/tcpdf/tcpdi.php(121): file_get_contents('/home/lemaycon/...')
#2 /home/lemaycon/app.lemayconsulting.com/vendor/daltcore/lara-pdf-merger/src/LynX39/LaraPdfMerger/tcpdf/tcpdi.php(89): TCPDI->_getPdfParser('/home/lemaycon/...')
#3 /home/lemaycon/app.lemayconsulting.com/vendor/daltcore/lara-pdf-merger/src/LynX39/LaraPdfMerger/PdfManage.php(73): TCPDI->setSourceFile('/home/lemaycon/...')
#4 /home/lemaycon/app.lemayconsulting.com/vendor/daltcore/lara-pdf-merger/src/LynX39/LaraPdfMerger/PdfManage.php(115): LynX39\\LaraPdfMerger\\PdfManage->doMerge(NULL, Array, false)
#5 /home/lemaycon/app.lemayconsulting.com/app/Http/Controllers/FicheController.php(935): LynX39\\LaraPdfMerger\\PdfManage->merge()
#6 [internal function]: App\\Http\\Controllers\\FicheController->downloadPDF('20211')
#7 /home/lemaycon/app.lemayconsulting.com/vendor/laravel/framework/src/Illuminate/Routing/Controller.php(54): call_user_func_array(Array, Array)
#8 /home/lemaycon/app.lemayconsulting.com/vendor/laravel/framework/src/Illuminate/Routing/ControllerDispatcher.php(45): Illuminate\\Routing\\Controller->callAction('downloadPDF', Array)
#9 /home/lemaycon/app.lemayconsulting.com/vendor/laravel/framework/src/Illuminate/Routing/Route.php(219): Illuminate\\Routing\\ControllerDispatcher->dispatch(Object(Illuminate\\Routing\\Route), Object(App\\Http\\Controllers\\FicheController), 'downloadPDF')
#10 /home/lemaycon/app.lemayconsulting.com/vendor/laravel/framework/src/Illuminate/Routing/Route.php(176): Illuminate\\Routing\\Route->runController()
#11 /home/lemaycon/app.lemayconsulting.com/vendor/laravel/framework/src/Illuminate/Routing/Router.php(681): Illuminate\\Routing\\Route->run()
#12 /home/lemaycon/app.lemayconsulting.com/vendor/laravel/framework/src/Illuminate/Pipeline/Pipeline.php(130): Illuminate\\Routing\\Router->Illuminate\\Routing\\{closure}(Object(Illuminate\\Http\\Request))
#13 /home/lemaycon/app.lemayconsulting.com/app/Http/Middleware/IsUser.php(19): Illuminate\\Pipeline\\Pipeline->Illuminate\\Pipeline\\{closure}(Object(Illuminate\\Http\\Request))
#14 /home/lemaycon/app.lemayconsulting.com/vendor/laravel/framework/src/Illuminate/Pipeline/Pipeline.php(171): App\\Http\\Middleware\\IsUser->handle(Object(Illuminate\\Http\\Request), Object(Closure))
#15 /home/lemaycon/app.lemayconsulting.com/vendor/laravel/framework/src/Illuminate/Routing/Middleware/SubstituteBindings.php(41): Illuminate\\Pipeline\\Pipeline->Illuminate\\Pipeline\\{closure}(Object(Illuminate\\Http\\Request))
#16 /home/lemaycon/app.lemayconsulting.com/vendor/laravel/framework/src/Illuminate/Pipeline/Pipeline.php(171): Illuminate\\Routing\\Middleware\\SubstituteBindings->handle(Object(Illuminate\\Http\\Request), Object(Closure))
#17 /home/lemaycon/app.lemayconsulting.com/vendor/laravel/framework/src/Illuminate/Auth/Middleware/Authenticate.php(43): Illuminate\\Pipeline\\Pipeline->Illuminate\\Pipeline\\{closure}(Object(Illuminate\\Http\\Request))
#18 /home/lemaycon/app.lemayconsulting.com/vendor/laravel/framework/src/Illuminate/Pipeline/Pipeline.php(171): Illuminate\\Auth\\Middleware\\Authenticate->handle(Object(Illuminate\\Http\\Request), Object(Closure))
#19 /home/lemaycon/app.lemayconsulting.com/vendor/laravel/framework/src/Illuminate/Foundation/Http/Middleware/VerifyCsrfToken.php(76): Illuminate\\Pipeline\\Pipeline->Illuminate\\Pipeline\\{closure}(Object(Illuminate\\Http\\Request))
#20 /home/lemaycon/app.lemayconsulting.com/vendor/laravel/framework/src/Illuminate/Pipeline/Pipeline.php(171): Illuminate\\Foundation\\Http\\Middleware\\VerifyCsrfToken->handle(Object(Illuminate\\Http\\Request), Object(Closure))
#21 /home/lemaycon/app.lemayconsulting.com/vendor/laravel/framework/src/Illuminate/View/Middleware/ShareErrorsFromSession.php(49): Illuminate\\Pipeline\\Pipeline->Illuminate\\Pipeline\\{closure}(Object(Illuminate\\Http\\Request))
#22 /home/lemaycon/app.lemayconsulting.com/vendor/laravel/framework/src/Illuminate/Pipeline/Pipeline.php(171): Illuminate\\View\\Middleware\\ShareErrorsFromSession->handle(Object(Illuminate\\Http\\Request), Object(Closure))
#23 /home/lemaycon/app.lemayconsulting.com/app/Http/Middleware/SetLocale.php(16): Illuminate\\Pipeline\\Pipeline->Illuminate\\Pipeline\\{closure}(Object(Illuminate\\Http\\Request))
#24 /home/lemaycon/app.lemayconsulting.com/vendor/laravel/framework/src/Illuminate/Pipeline/Pipeline.php(171): App\\Http\\Middleware\\SetLocale->handle(Object(Illuminate\\Http\\Request), Object(Closure))
#25 /home/lemaycon/app.lemayconsulting.com/vendor/laravel/framework/src/Illuminate/Session/Middleware/StartSession.php(56): Illuminate\\Pipeline\\Pipeline->Illuminate\\Pipeline\\{closure}(Object(Illuminate\\Http\\Request))
#26 /home/lemaycon/app.lemayconsulting.com/vendor/laravel/framework/src/Illuminate/Pipeline/Pipeline.php(171): Illuminate\\Session\\Middleware\\StartSession->handle(Object(Illuminate\\Http\\Request), Object(Closure))
#27 /home/lemaycon/app.lemayconsulting.com/vendor/laravel/framework/src/Illuminate/Cookie/Middleware/AddQueuedCookiesToResponse.php(37): Illuminate\\Pipeline\\Pipeline->Illuminate\\Pipeline\\{closure}(Object(Illuminate\\Http\\Request))
#28 /home/lemaycon/app.lemayconsulting.com/vendor/laravel/framework/src/Illuminate/Pipeline/Pipeline.php(171): Illuminate\\Cookie\\Middleware\\AddQueuedCookiesToResponse->handle(Object(Illuminate\\Http\\Request), Object(Closure))
#29 /home/lemaycon/app.lemayconsulting.com/vendor/laravel/framework/src/Illuminate/Cookie/Middleware/EncryptCookies.php(66): Illuminate\\Pipeline\\Pipeline->Illuminate\\Pipeline\\{closure}(Object(Illuminate\\Http\\Request))
#30 /home/lemaycon/app.lemayconsulting.com/vendor/laravel/framework/src/Illuminate/Pipeline/Pipeline.php(171): Illuminate\\Cookie\\Middleware\\EncryptCookies->handle(Object(Illuminate\\Http\\Request), Object(Closure))
#31 /home/lemaycon/app.lemayconsulting.com/vendor/laravel/framework/src/Illuminate/Pipeline/Pipeline.php(105): Illuminate\\Pipeline\\Pipeline->Illuminate\\Pipeline\\{closure}(Object(Illuminate\\Http\\Request))
#32 /home/lemaycon/app.lemayconsulting.com/vendor/laravel/framework/src/Illuminate/Routing/Router.php(683): Illuminate\\Pipeline\\Pipeline->then(Object(Closure))
#33 /home/lemaycon/app.lemayconsulting.com/vendor/laravel/framework/src/Illuminate/Routing/Router.php(658): Illuminate\\Routing\\Router->runRouteWithinStack(Object(Illuminate\\Routing\\Route), Object(Illuminate\\Http\\Request))
#34 /home/lemaycon/app.lemayconsulting.com/vendor/laravel/framework/src/Illuminate/Routing/Router.php(624): Illuminate\\Routing\\Router->runRoute(Object(Illuminate\\Http\\Request), Object(Illuminate\\Routing\\Route))
#35 /home/lemaycon/app.lemayconsulting.com/vendor/laravel/framework/src/Illuminate/Routing/Router.php(613): Illuminate\\Routing\\Router->dispatchToRoute(Object(Illuminate\\Http\\Request))
#36 /home/lemaycon/app.lemayconsulting.com/vendor/laravel/framework/src/Illuminate/Foundation/Http/Kernel.php(170): Illuminate\\Routing\\Router->dispatch(Object(Illuminate\\Http\\Request))
#37 /home/lemaycon/app.lemayconsulting.com/vendor/laravel/framework/src/Illuminate/Pipeline/Pipeline.php(130): Illuminate\\Foundation\\Http\\Kernel->Illuminate\\Foundation\\Http\\{closure}(Object(Illuminate\\Http\\Request))
#38 /home/lemaycon/app.lemayconsulting.com/vendor/laravel/framework/src/Illuminate/Foundation/Http/Middleware/TransformsRequest.php(21): Illuminate\\Pipeline\\Pipeline->Illuminate\\Pipeline\\{closure}(Object(Illuminate\\Http\\Request))
#39 /home/lemaycon/app.lemayconsulting.com/vendor/laravel/framework/src/Illuminate/Pipeline/Pipeline.php(171): Illuminate\\Foundation\\Http\\Middleware\\TransformsRequest->handle(Object(Illuminate\\Http\\Request), Object(Closure))
#40 /home/lemaycon/app.lemayconsulting.com/vendor/laravel/framework/src/Illuminate/Foundation/Http/Middleware/TransformsRequest.php(21): Illuminate\\Pipeline\\Pipeline->Illuminate\\Pipeline\\{closure}(Object(Illuminate\\Http\\Request))
#41 /home/lemaycon/app.lemayconsulting.com/vendor/laravel/framework/src/Illuminate/Pipeline/Pipeline.php(171): Illuminate\\Foundation\\Http\\Middleware\\TransformsRequest->handle(Object(Illuminate\\Http\\Request), Object(Closure))
#42 /home/lemaycon/app.lemayconsulting.com/vendor/laravel/framework/src/Illuminate/Foundation/Http/Middleware/ValidatePostSize.php(27): Illuminate\\Pipeline\\Pipeline->Illuminate\\Pipeline\\{closure}(Object(Illuminate\\Http\\Request))
#43 /home/lemaycon/app.lemayconsulting.com/vendor/laravel/framework/src/Illuminate/Pipeline/Pipeline.php(171): Illuminate\\Foundation\\Http\\Middleware\\ValidatePostSize->handle(Object(Illuminate\\Http\\Request), Object(Closure))
#44 /home/lemaycon/app.lemayconsulting.com/vendor/laravel/framework/src/Illuminate/Foundation/Http/Middleware/CheckForMaintenanceMode.php(63): Illuminate\\Pipeline\\Pipeline->Illuminate\\Pipeline\\{closure}(Object(Illuminate\\Http\\Request))
#45 /home/lemaycon/app.lemayconsulting.com/vendor/laravel/framework/src/Illuminate/Pipeline/Pipeline.php(171): Illuminate\\Foundation\\Http\\Middleware\\CheckForMaintenanceMode->handle(Object(Illuminate\\Http\\Request), Object(Closure))
#46 /home/lemaycon/app.lemayconsulting.com/vendor/fideloper/proxy/src/TrustProxies.php(57): Illuminate\\Pipeline\\Pipeline->Illuminate\\Pipeline\\{closure}(Object(Illuminate\\Http\\Request))
#47 /home/lemaycon/app.lemayconsulting.com/vendor/laravel/framework/src/Illuminate/Pipeline/Pipeline.php(171): Fideloper\\Proxy\\TrustProxies->handle(Object(Illuminate\\Http\\Request), Object(Closure))
#48 /home/lemaycon/app.lemayconsulting.com/vendor/laravel/framework/src/Illuminate/Pipeline/Pipeline.php(105): Illuminate\\Pipeline\\Pipeline->Illuminate\\Pipeline\\{closure}(Object(Illuminate\\Http\\Request))
#49 /home/lemaycon/app.lemayconsulting.com/vendor/laravel/framework/src/Illuminate/Foundation/Http/Kernel.php(145): Illuminate\\Pipeline\\Pipeline->then(Object(Closure))
#50 /home/lemaycon/app.lemayconsulting.com/vendor/laravel/framework/src/Illuminate/Foundation/Http/Kernel.php(110): Illuminate\\Foundation\\Http\\Kernel->sendRequestThroughRouter(Object(Illuminate\\Http\\Request))
#51 /home/lemaycon/app.lemayconsulting.com/public/index.php(55): Illuminate\\Foundation\\Http\\Kernel->handle(Object(Illuminate\\Http\\Request))
#52 {main}
"} 
[2026-02-09 14:18:44] local.DEBUG: Début création de fiche. Adresse : 5675 Boulevard Milan, Brossard, QC, Canada  
[2026-02-09 14:18:44] local.DEBUG: Appel API Geocoding : https://maps.googleapis.com/maps/api/geocode/json?address=5675+Boulevard+Milan%2C+Brossard%2C+QC%2C+Canada&key=AIzaSyBGG9KMwSfFPJ_-vipDANTSj6LB4TPFlk8  
[2026-02-09 14:18:44] local.ERROR: Erreur API Geocoding : {"error_message":"API keys with referer restrictions cannot be used with this API.","results":[],"status":"REQUEST_DENIED"}  
[2026-02-10 16:43:38] local.DEBUG: Début création de fiche. Adresse : 8505 Rue Sébastien, Brossard, QC, Canada  
[2026-02-10 16:43:38] local.DEBUG: Appel API Geocoding : https://maps.googleapis.com/maps/api/geocode/json?address=8505+Rue+S%C3%A9bastien%2C+Brossard%2C+QC%2C+Canada&key=AIzaSyBGG9KMwSfFPJ_-vipDANTSj6LB4TPFlk8  
[2026-02-10 16:43:38] local.ERROR: Erreur API Geocoding : {"error_message":"API keys with referer restrictions cannot be used with this API.","results":[],"status":"REQUEST_DENIED"}  
[2026-02-10 16:49:24] local.DEBUG: Début création de fiche. Adresse : 1120 Rue Sénécal, Brossard, QC, Canada  
[2026-02-10 16:49:24] local.DEBUG: Appel API Geocoding : https://maps.googleapis.com/maps/api/geocode/json?address=1120+Rue+S%C3%A9n%C3%A9cal%2C+Brossard%2C+QC%2C+Canada&key=AIzaSyBGG9KMwSfFPJ_-vipDANTSj6LB4TPFlk8  
[2026-02-10 16:49:24] local.ERROR: Erreur API Geocoding : {"error_message":"API keys with referer restrictions cannot be used with this API.","results":[],"status":"REQUEST_DENIED"}  
[2026-02-10 22:57:44] local.DEBUG: Début création de fiche. Adresse : 7160 Rue George-Baptist, Trois-Rivières, QC, Canada  
[2026-02-10 22:57:44] local.DEBUG: Appel API Geocoding : https://maps.googleapis.com/maps/api/geocode/json?address=7160+Rue+George-Baptist%2C+Trois-Rivi%C3%A8res%2C+QC%2C+Canada&key=AIzaSyBGG9KMwSfFPJ_-vipDANTSj6LB4TPFlk8  
[2026-02-10 22:57:44] local.ERROR: Erreur API Geocoding : {"error_message":"API keys with referer restrictions cannot be used with this API.","results":[],"status":"REQUEST_DENIED"}  
[2026-02-11 13:43:19] local.DEBUG: Début création de fiche. Adresse : 1350 Rue Richelieu, Brossard, QC, Canada  
[2026-02-11 13:43:19] local.DEBUG: Appel API Geocoding : https://maps.googleapis.com/maps/api/geocode/json?address=1350+Rue+Richelieu%2C+Brossard%2C+QC%2C+Canada&key=AIzaSyBGG9KMwSfFPJ_-vipDANTSj6LB4TPFlk8  
[2026-02-11 13:43:20] local.ERROR: Erreur API Geocoding : {"error_message":"API keys with referer restrictions cannot be used with this API.","results":[],"status":"REQUEST_DENIED"}  
[2026-02-11 13:43:20] local.DEBUG: Début création de fiche. Adresse : 1350 Rue Richelieu, Brossard, QC, Canada  
[2026-02-11 13:43:20] local.DEBUG: Appel API Geocoding : https://maps.googleapis.com/maps/api/geocode/json?address=1350+Rue+Richelieu%2C+Brossard%2C+QC%2C+Canada&key=AIzaSyBGG9KMwSfFPJ_-vipDANTSj6LB4TPFlk8  
[2026-02-11 13:43:20] local.ERROR: Erreur API Geocoding : {"error_message":"API keys with referer restrictions cannot be used with this API.","results":[],"status":"REQUEST_DENIED"}  
[2026-02-11 19:14:19] local.DEBUG: Début création de fiche. Adresse : 1900 Rue Charles le Gardeur, Trois-Rivières, QC, Canada  
[2026-02-11 19:14:19] local.DEBUG: Appel API Geocoding : https://maps.googleapis.com/maps/api/geocode/json?address=1900+Rue+Charles+le+Gardeur%2C+Trois-Rivi%C3%A8res%2C+QC%2C+Canada&key=AIzaSyBGG9KMwSfFPJ_-vipDANTSj6LB4TPFlk8  
[2026-02-11 19:14:19] local.ERROR: Erreur API Geocoding : {"error_message":"API keys with referer restrictions cannot be used with this API.","results":[],"status":"REQUEST_DENIED"}  
[2026-02-11 20:35:35] local.DEBUG: Début création de fiche. Adresse : 1475 Rue Claude-Michel-Bégon, Trois-Rivières, QC, Canada  
[2026-02-11 20:35:35] local.DEBUG: Appel API Geocoding : https://maps.googleapis.com/maps/api/geocode/json?address=1475+Rue+Claude-Michel-B%C3%A9gon%2C+Trois-Rivi%C3%A8res%2C+QC%2C+Canada&key=AIzaSyBGG9KMwSfFPJ_-vipDANTSj6LB4TPFlk8  
[2026-02-11 20:35:35] local.ERROR: Erreur API Geocoding : {"error_message":"API keys with referer restrictions cannot be used with this API.","results":[],"status":"REQUEST_DENIED"}  
[2026-02-12 12:56:32] local.DEBUG: Début création de fiche. Adresse : 5665 Rue Bertrand, Brossard, QC, Canada  
[2026-02-12 12:56:32] local.DEBUG: Appel API Geocoding : https://maps.googleapis.com/maps/api/geocode/json?address=5665+Rue+Bertrand%2C+Brossard%2C+QC%2C+Canada&key=AIzaSyBGG9KMwSfFPJ_-vipDANTSj6LB4TPFlk8  
[2026-02-12 12:56:32] local.ERROR: Erreur API Geocoding : {"error_message":"API keys with referer restrictions cannot be used with this API.","results":[],"status":"REQUEST_DENIED"}  
[2026-02-12 20:32:50] local.DEBUG: Début création de fiche. Adresse : 661 Chemin de la Montagne, Piedmont, QC, Canada  
[2026-02-12 20:32:50] local.DEBUG: Appel API Geocoding : https://maps.googleapis.com/maps/api/geocode/json?address=661+Chemin+de+la+Montagne%2C+Piedmont%2C+QC%2C+Canada&key=AIzaSyBGG9KMwSfFPJ_-vipDANTSj6LB4TPFlk8  
[2026-02-12 20:32:50] local.ERROR: Erreur API Geocoding : {"error_message":"API keys with referer restrictions cannot be used with this API.","results":[],"status":"REQUEST_DENIED"}  
[2026-02-13 18:24:34] local.DEBUG: Début création de fiche. Adresse : 4529 Route des Vétérans, Notre-Dame-du-Mont-Carmel, QC, Canada  
[2026-02-13 18:24:34] local.DEBUG: Appel API Geocoding : https://maps.googleapis.com/maps/api/geocode/json?address=4529+Route+des+V%C3%A9t%C3%A9rans%2C+Notre-Dame-du-Mont-Carmel%2C+QC%2C+Canada&key=AIzaSyBGG9KMwSfFPJ_-vipDANTSj6LB4TPFlk8  
[2026-02-13 18:24:34] local.ERROR: Erreur API Geocoding : {"error_message":"API keys with referer restrictions cannot be used with this API.","results":[],"status":"REQUEST_DENIED"}  
[2026-02-13 21:21:09] local.DEBUG: Début création de fiche. Adresse : 7050 Rue Roger-Bruneau, Trois-Rivières, QC, Canada  
[2026-02-13 21:21:09] local.DEBUG: Appel API Geocoding : https://maps.googleapis.com/maps/api/geocode/json?address=7050+Rue+Roger-Bruneau%2C+Trois-Rivi%C3%A8res%2C+QC%2C+Canada&key=AIzaSyBGG9KMwSfFPJ_-vipDANTSj6LB4TPFlk8  
[2026-02-13 21:21:09] local.ERROR: Erreur API Geocoding : {"error_message":"API keys with referer restrictions cannot be used with this API.","results":[],"status":"REQUEST_DENIED"}  
[2026-02-14 04:50:58] local.ERROR: file_put_contents(): Only 0 of 189 bytes written, possibly out of free disk space {"exception":"[object] (ErrorException(code: 0): file_put_contents(): Only 0 of 189 bytes written, possibly out of free disk space at /home/lemaycon/app.lemayconsulting.com/vendor/laravel/framework/src/Illuminate/Filesystem/Filesystem.php:133)
[stacktrace]
#0 [internal function]: Illuminate\\Foundation\\Bootstrap\\HandleExceptions->handleError(2, 'file_put_conten...', '/home/lemaycon/...', 133, Array)
#1 /home/lemaycon/app.lemayconsulting.com/vendor/laravel/framework/src/Illuminate/Filesystem/Filesystem.php(133): file_put_contents('/home/lemaycon/...', 'a:3:{s:6:\"_toke...', 2)
#2 /home/lemaycon/app.lemayconsulting.com/vendor/laravel/framework/src/Illuminate/Session/FileSessionHandler.php(83): Illuminate\\Filesystem\\Filesystem->put('/home/lemaycon/...', 'a:3:{s:6:\"_toke...', true)
#3 /home/lemaycon/app.lemayconsulting.com/vendor/laravel/framework/src/Illuminate/Session/Store.php(129): Illuminate\\Session\\FileSessionHandler->write('NS2pqQ6R9vXdTLy...', 'a:3:{s:6:\"_toke...')
#4 /home/lemaycon/app.lemayconsulting.com/vendor/laravel/framework/src/Illuminate/Session/Middleware/StartSession.php(170): Illuminate\\Session\\Store->save()
#5 /home/lemaycon/app.lemayconsulting.com/vendor/laravel/framework/src/Illuminate/Session/Middleware/StartSession.php(65): Illuminate\\Session\\Middleware\\StartSession->saveSession(Object(Illuminate\\Http\\Request))
#6 /home/lemaycon/app.lemayconsulting.com/vendor/laravel/framework/src/Illuminate/Pipeline/Pipeline.php(171): Illuminate\\Session\\Middleware\\StartSession->handle(Object(Illuminate\\Http\\Request), Object(Closure))
#7 /home/lemaycon/app.lemayconsulting.com/vendor/laravel/framework/src/Illuminate/Cookie/Middleware/AddQueuedCookiesToResponse.php(37): Illuminate\\Pipeline\\Pipeline->Illuminate\\Pipeline\\{closure}(Object(Illuminate\\Http\\Request))
#8 /home/lemaycon/app.lemayconsulting.com/vendor/laravel/framework/src/Illuminate/Pipeline/Pipeline.php(171): Illuminate\\Cookie\\Middleware\\AddQueuedCookiesToResponse->handle(Object(Illuminate\\Http\\Request), Object(Closure))
#9 /home/lemaycon/app.lemayconsulting.com/vendor/laravel/framework/src/Illuminate/Cookie/Middleware/EncryptCookies.php(66): Illuminate\\Pipeline\\Pipeline->Illuminate\\Pipeline\\{closure}(Object(Illuminate\\Http\\Request))
#10 /home/lemaycon/app.lemayconsulting.com/vendor/laravel/framework/src/Illuminate/Pipeline/Pipeline.php(171): Illuminate\\Cookie\\Middleware\\EncryptCookies->handle(Object(Illuminate\\Http\\Request), Object(Closure))
#11 /home/lemaycon/app.lemayconsulting.com/vendor/laravel/framework/src/Illuminate/Pipeline/Pipeline.php(105): Illuminate\\Pipeline\\Pipeline->Illuminate\\Pipeline\\{closure}(Object(Illuminate\\Http\\Request))
#12 /home/lemaycon/app.lemayconsulting.com/vendor/laravel/framework/src/Illuminate/Routing/Route[2026-02-14 13:47:35] local.DEBUG: Début création de fiche. Adresse : 5325 Rue de Nantes, Trois-Rivières, QC, Canada  
[2026-02-14 13:47:35] local.DEBUG: Appel API Geocoding : https://maps.googleapis.com/maps/api/geocode/json?address=5325+Rue+de+Nantes%2C+Trois-Rivi%C3%A8res%2C+QC%2C+Canada&key=AIzaSyBGG9KMwSfFPJ_-vipDANTSj6LB4TPFlk8  
[2026-02-14 13:47:35] local.ERROR: Erreur API Geocoding : {"error_message":"API keys with referer restrictions cannot be used with this API.","results":[],"status":"REQUEST_DENIED"}  
[2026-02-15 01:09:24] local.DEBUG: Début création de fiche. Adresse : 702 Rue du Haut Quartier, Val-Morin, QC, Canada  
[2026-02-15 01:09:24] local.DEBUG: Appel API Geocoding : https://maps.googleapis.com/maps/api/geocode/json?address=702+Rue+du+Haut+Quartier%2C+Val-Morin%2C+QC%2C+Canada&key=AIzaSyBGG9KMwSfFPJ_-vipDANTSj6LB4TPFlk8  
[2026-02-15 01:09:24] local.ERROR: Erreur API Geocoding : {"error_message":"API keys with referer restrictions cannot be used with this API.","results":[],"status":"REQUEST_DENIED"}  
[2026-02-15 02:01:42] local.DEBUG: Début création de fiche. Adresse : 6 Rue Verdon #4, Sainte-Thérèse, QC, Canada  
[2026-02-15 02:01:42] local.DEBUG: Appel API Geocoding : https://maps.googleapis.com/maps/api/geocode/json?address=6+Rue+Verdon+%234%2C+Sainte-Th%C3%A9r%C3%A8se%2C+QC%2C+Canada&key=AIzaSyBGG9KMwSfFPJ_-vipDANTSj6LB4TPFlk8  
[2026-02-15 02:01:43] local.ERROR: Erreur API Geocoding : {"error_message":"API keys with referer restrictions cannot be used with this API.","results":[],"status":"REQUEST_DENIED"}  
[2026-02-15 22:07:45] local.DEBUG: Début création de fiche. Adresse : 959 Rue Tousignant, Trois-Rivières, QC, Canada  
[2026-02-15 22:07:45] local.DEBUG: Appel API Geocoding : https://maps.googleapis.com/maps/api/geocode/json?address=959+Rue+Tousignant%2C+Trois-Rivi%C3%A8res%2C+QC%2C+Canada&key=AIzaSyBGG9KMwSfFPJ_-vipDANTSj6LB4TPFlk8  
[2026-02-15 22:07:45] local.ERROR: Erreur API Geocoding : {"error_message":"API keys with referer restrictions cannot be used with this API.","results":[],"status":"REQUEST_DENIED"}  
[2026-02-15 22:07:53] local.DEBUG: Début création de fiche. Adresse : 959 Rue Tousignant, Trois-Rivières, QC, Canada  
[2026-02-15 22:07:53] local.DEBUG: Appel API Geocoding : https://maps.googleapis.com/maps/api/geocode/json?address=959+Rue+Tousignant%2C+Trois-Rivi%C3%A8res%2C+QC%2C+Canada&key=AIzaSyBGG9KMwSfFPJ_-vipDANTSj6LB4TPFlk8  
[2026-02-15 22:07:54] local.ERROR: Erreur API Geocoding : {"error_message":"API keys with referer restrictions cannot be used with this API.","results":[],"status":"REQUEST_DENIED"}  
[2026-02-16 02:06:40] local.DEBUG: Début création de fiche. Adresse : 8000 Avenue San Francisco, Brossard, QC, Canada  
[2026-02-16 02:06:40] local.DEBUG: Appel API Geocoding : https://maps.googleapis.com/maps/api/geocode/json?address=8000+Avenue+San+Francisco%2C+Brossard%2C+QC%2C+Canada&key=AIzaSyBGG9KMwSfFPJ_-vipDANTSj6LB4TPFlk8  
[2026-02-16 02:06:40] local.ERROR: Erreur API Geocoding : {"error_message":"API keys with referer restrictions cannot be used with this API.","results":[],"status":"REQUEST_DENIED"}  
[2026-02-16 03:06:52] local.DEBUG: Début création de fiche. Adresse : 3670 Rue Oxford, Brossard, QC, Canada  
[2026-02-16 03:06:52] local.DEBUG: Appel API Geocoding : https://maps.googleapis.com/maps/api/geocode/json?address=3670+Rue+Oxford%2C+Brossard%2C+QC%2C+Canada&key=AIzaSyBGG9KMwSfFPJ_-vipDANTSj6LB4TPFlk8  
[2026-02-16 03:06:53] local.ERROR: Erreur API Geocoding : {"error_message":"API keys with referer restrictions cannot be used with this API.","results":[],"status":"REQUEST_DENIED"}  
[2026-02-16 03:28:59] local.DEBUG: Début création de fiche. Adresse : 6115 Rue Bourgeois, Brossard, QC, Canada  
[2026-02-16 03:28:59] local.DEBUG: Appel API Geocoding : https://maps.googleapis.com/maps/api/geocode/json?address=6115+Rue+Bourgeois%2C+Brossard%2C+QC%2C+Canada&key=AIzaSyBGG9KMwSfFPJ_-vipDANTSj6LB4TPFlk8  
[2026-02-16 03:28:59] local.ERROR: Erreur API Geocoding : {"error_message":"API keys with referer restrictions cannot be used with this API.","results":[],"status":"REQUEST_DENIED"}  
[2026-02-16 03:54:54] local.DEBUG: Début création de fiche. Adresse : 5665 Rue Bertrand, Brossard, QC, Canada  
[2026-02-16 03:54:54] local.DEBUG: Appel API Geocoding : https://maps.googleapis.com/maps/api/geocode/json?address=5665+Rue+Bertrand%2C+Brossard%2C+QC%2C+Canada&key=AIzaSyBGG9KMwSfFPJ_-vipDANTSj6LB4TPFlk8  
[2026-02-16 03:54:54] local.ERROR: Erreur API Geocoding : {"error_message":"API keys with referer restrictions cannot be used with this API.","results":[],"status":"REQUEST_DENIED"}  
[2026-02-16 20:31:48] local.DEBUG: Début création de fiche. Adresse : 1548 Rue Notre Dame Est, Trois-Rivières, QC, Canada  
[2026-02-16 20:31:48] local.DEBUG: Appel API Geocoding : https://maps.googleapis.com/maps/api/geocode/json?address=1548+Rue+Notre+Dame+Est%2C+Trois-Rivi%C3%A8res%2C+QC%2C+Canada&key=AIzaSyBGG9KMwSfFPJ_-vipDANTSj6LB4TPFlk8  
[2026-02-16 20:31:48] local.ERROR: Erreur API Geocoding : {"error_message":"API keys with referer restrictions cannot be used with this API.","results":[],"status":"REQUEST_DENIED"}  
[2026-02-17 12:34:54] local.ERROR: file_put_contents(): Only 0 of 273 bytes written, possibly out of free disk space {"exception":"[object] (ErrorException(code: 0): file_put_contents(): Only 0 of 273 bytes written, possibly out of free disk space at /home/lemaycon/app.lemayconsulting.com/vendor/laravel/framework/src/Illuminate/Filesystem/Filesystem.php:133)
[stacktrace]
#0 [internal function]: Illuminate\\Foundation\\Bootstrap\\HandleExceptions->handleError(2, 'file_put_conten...', '/home/lemaycon/...', 133, Array)
#1 /home/lemaycon/app.lemayconsulting.com/vendor/laravel/framework/src/Illuminate/Filesystem/Filesystem.php(133): file_put_contents('/home/lemaycon/...', 'a:4:{s:6:\"_toke...', 2)
#2 /home/lemaycon/app.lemayconsulting.com/vendor/laravel/framework/src/Illuminate/Session/FileSessionHandler.php(83): Illuminate\\Filesystem\\Filesystem->put('/home/lemaycon/...', 'a:4:{s:6:\"_toke...', true)
#3 /home/lemaycon/app.lemayconsulting.com/vendor/laravel/framework/src/Illuminate/Session/Store.php(129): Illuminate\\Session\\FileSessionHandler->write('TaJ5XPhIXq76UMy...', 'a:4:{s:6:\"_toke...')
#4 /home/lemaycon/app.lemayconsulting.com/vendor/laravel/framework/src/Illuminate/Session/Middleware/StartSession.php(170): Illuminate\\Session\\Store->save()
#5 /home/lemaycon/app.lemayconsulting.com/vendor/laravel/framework/src/Illuminate/Session/Middleware/StartSession.php(65): Illuminate\\Session\\Middleware\\StartSession->saveSession(Object(Illuminate\\Http\\Request))
#6 /home/lemaycon/app.lemayconsulting.com/vendor/laravel/framework/src/Illuminate/Pipeline/Pipeline.php(171): Illuminate\\Session\\Middleware\\StartSession->handle(Object(Illuminate\\Http\\Request), Object(Closure))
#7 /home/lemaycon/app.lemayconsulting.com/vendor/laravel/framework/src/Illuminate/Cookie/Middleware/AddQueuedCookiesToResponse.php(37): Illuminate\\Pipeline\\Pipeline->Illuminate\\Pipeline\\{closure}(Object(Illuminate\\Http\\Request))
#8 /home/lemaycon/app.lemayconsulting.com/vendor/laravel/framework/src/Illuminate/Pipeline/Pipeline.php(171): Illuminate\\Cookie\\Middleware\\AddQueuedCookiesToResponse->handle(Object(Illuminate\\Http\\Request), Object(Closure))
#9 /home/lemaycon/app.lemayconsulting.com/vendor/laravel/framework/src/Illuminate/Cookie/Middleware/EncryptCookies.php(66): Illuminate\\Pipeline\\Pipeline->Illuminate\\Pipeline\\{closure}(Object(Illuminate\\Http\\Request))
#10 /home/lemaycon/app.lemayconsulting.com/vendor/laravel/framework/src/Illuminate/Pipeline/Pipeline.php(171): Illuminate\\Cookie\\Middleware\\EncryptCookies->handle(Object(Illuminate\\Http\\Request), Object(Closure))
#11 /home/lemaycon/app.lemayconsulting.com/vendor/laravel/framework/src/Illuminate/Pipeline/Pipeline.php(105): Illuminate\\Pipeline\\Pipeline->Illuminate\\Pipeline\\{closure}(Object(Illuminate\\Http\\Request))
#12 /home/lemaycon/app.lemayconsulting.com/vendor/laravel/framework/src/Illuminate/Routing/Router.php(683): Illuminate\\Pipeline\\Pipeline->then(Object(Closure))
#13 /home/lemaycon/app[2026-02-18 13:28:30] local.DEBUG: Début création de fiche. Adresse : 1210 Rue Maurice-L-Duplessis, Trois-Rivières, QC, Canada  
[2026-02-18 13:28:30] local.DEBUG: Appel API Geocoding : https://maps.googleapis.com/maps/api/geocode/json?address=1210+Rue+Maurice-L-Duplessis%2C+Trois-Rivi%C3%A8res%2C+QC%2C+Canada&key=AIzaSyBGG9KMwSfFPJ_-vipDANTSj6LB4TPFlk8  
[2026-02-18 13:28:31] local.ERROR: Erreur API Geocoding : {"error_message":"API keys with referer restrictions cannot be used with this API.","results":[],"status":"REQUEST_DENIED"}  
[2026-02-19 19:32:44] local.DEBUG: Début création de fiche. Adresse : 2130 Rue Arbour, Brossard, QC, Canada  
[2026-02-19 19:32:44] local.DEBUG: Appel API Geocoding : https://maps.googleapis.com/maps/api/geocode/json?address=2130+Rue+Arbour%2C+Brossard%2C+QC%2C+Canada&key=AIzaSyBGG9KMwSfFPJ_-vipDANTSj6LB4TPFlk8  
[2026-02-19 19:32:44] local.ERROR: Erreur API Geocoding : {"error_message":"API keys with referer restrictions cannot be used with this API.","results":[],"status":"REQUEST_DENIED"}  
[2026-02-19 22:03:12] local.DEBUG: Début création de fiche. Adresse : 1880 Rue Rigaud, Brossard, QC, Canada  
[2026-02-19 22:03:12] local.DEBUG: Appel API Geocoding : https://maps.googleapis.com/maps/api/geocode/json?address=1880+Rue+Rigaud%2C+Brossard%2C+QC%2C+Canada&key=AIzaSyBGG9KMwSfFPJ_-vipDANTSj6LB4TPFlk8  
[2026-02-19 22:03:12] local.ERROR: Erreur API Geocoding : {"error_message":"API keys with referer restrictions cannot be used with this API.","results":[],"status":"REQUEST_DENIED"}  
[2026-02-21 03:22:45] local.DEBUG: Début création de fiche. Adresse : 7935 Rue Notre Dame Ouest, Trois-Rivières, QC, Canada  
[2026-02-21 03:22:45] local.DEBUG: Appel API Geocoding : https://maps.googleapis.com/maps/api/geocode/json?address=7935+Rue+Notre+Dame+Ouest%2C+Trois-Rivi%C3%A8res%2C+QC%2C+Canada&key=AIzaSyBGG9KMwSfFPJ_-vipDANTSj6LB4TPFlk8  
[2026-02-21 03:22:45] local.ERROR: Erreur API Geocoding : {"error_message":"API keys with referer restrictions cannot be used with this API.","results":[],"status":"REQUEST_DENIED"}  
[2026-02-21 12:40:11] local.DEBUG: Début création de fiche. Adresse : 984 Chemin du Renard, Sainte-Adèle, QC, Canada  
[2026-02-21 12:40:11] local.DEBUG: Appel API Geocoding : https://maps.googleapis.com/maps/api/geocode/json?address=984+Chemin+du+Renard%2C+Sainte-Ad%C3%A8le%2C+QC%2C+Canada&key=AIzaSyBGG9KMwSfFPJ_-vipDANTSj6LB4TPFlk8  
[2026-02-21 12:40:12] local.ERROR: Erreur API Geocoding : {"error_message":"API keys with referer restrictions cannot be used with this API.","results":[],"status":"REQUEST_DENIED"}  
[2026-02-22 01:30:38] local.DEBUG: Début création de fiche. Adresse : 5965 Avenue Bienville, Brossard, QC, Canada  
[2026-02-22 01:30:38] local.DEBUG: Appel API Geocoding : https://maps.googleapis.com/maps/api/geocode/json?address=5965+Avenue+Bienville%2C+Brossard%2C+QC%2C+Canada&key=AIzaSyBGG9KMwSfFPJ_-vipDANTSj6LB4TPFlk8  
[2026-02-22 01:30:38] local.ERROR: Erreur API Geocoding : {"error_message":"API keys with referer restrictions cannot be used with this API.","results":[],"status":"REQUEST_DENIED"}  
[2026-02-23 16:17:51] local.DEBUG: Début création de fiche. Adresse : 279 Chemin Nymark, Saint-Sauveur, QC J0R 1R3, Canada  
[2026-02-23 16:17:51] local.DEBUG: Appel API Geocoding : https://maps.googleapis.com/maps/api/geocode/json?address=279+Chemin+Nymark%2C+Saint-Sauveur%2C+QC+J0R+1R3%2C+Canada&key=AIzaSyBGG9KMwSfFPJ_-vipDANTSj6LB4TPFlk8  
[2026-02-23 16:17:51] local.ERROR: Erreur API Geocoding : {"error_message":"API keys with referer restrictions cannot be used with this API.","results":[],"status":"REQUEST_DENIED"}  
[2026-02-23 16:18:39] local.DEBUG: Début création de fiche. Adresse : 473 Chem. du Lac-Millette, Saint-Sauveur, QC, Canada  
[2026-02-23 16:18:39] local.DEBUG: Appel API Geocoding : https://maps.googleapis.com/maps/api/geocode/json?address=473+Chem.+du+Lac-Millette%2C+Saint-Sauveur%2C+QC%2C+Canada&key=AIzaSyBGG9KMwSfFPJ_-vipDANTSj6LB4TPFlk8  
[2026-02-23 16:18:39] local.ERROR: Erreur API Geocoding : {"error_message":"API keys with referer restrictions cannot be used with this API.","results":[],"status":"REQUEST_DENIED"}  
[2026-02-23 16:18:39] local.DEBUG: Début création de fiche. Adresse : 473 Chem. du Lac-Millette, Saint-Sauveur, QC, Canada  
[2026-02-23 16:18:39] local.DEBUG: Appel API Geocoding : https://maps.googleapis.com/maps/api/geocode/json?address=473+Chem.+du+Lac-Millette%2C+Saint-Sauveur%2C+QC%2C+Canada&key=AIzaSyBGG9KMwSfFPJ_-vipDANTSj6LB4TPFlk8  
[2026-02-23 16:18:39] local.ERROR: Erreur API Geocoding : {"error_message":"API keys with referer restrictions cannot be used with this API.","results":[],"status":"REQUEST_DENIED"}  
[2026-02-23 19:05:15] local.DEBUG: Début création de fiche. Adresse : 204 Rue des Commissaires, Granby, QC, Canada  
[2026-02-23 19:05:15] local.DEBUG: Appel API Geocoding : https://maps.googleapis.com/maps/api/geocode/json?address=204+Rue+des+Commissaires%2C+Granby%2C+QC%2C+Canada&key=AIzaSyBGG9KMwSfFPJ_-vipDANTSj6LB4TPFlk8  
[2026-02-23 19:05:15] local.ERROR: Erreur API Geocoding : {"error_message":"API keys with referer restrictions cannot be used with this API.","results":[],"status":"REQUEST_DENIED"}  
[2026-02-23 19:15:16] local.DEBUG: Début création de fiche. Adresse : 71 Rue de la Rivière, Sainte-Catherine-de-Hatley, QC, Canada  
[2026-02-23 19:15:16] local.DEBUG: Appel API Geocoding : https://maps.googleapis.com/maps/api/geocode/json?address=71+Rue+de+la+Rivi%C3%A8re%2C+Sainte-Catherine-de-Hatley%2C+QC%2C+Canada&key=AIzaSyBGG9KMwSfFPJ_-vipDANTSj6LB4TPFlk8  
[2026-02-23 19:15:16] local.ERROR: Erreur API Geocoding : {"error_message":"API keys with referer restrictions cannot be used with this API.","results":[],"status":"REQUEST_DENIED"}  
[2026-02-24 14:28:08] local.DEBUG: Début création de fiche. Adresse : 429 Rue de Monseigneur Panet, Nicolet, QC, Canada  
[2026-02-24 14:28:08] local.DEBUG: Appel API Geocoding : https://maps.googleapis.com/maps/api/geocode/json?address=429+Rue+de+Monseigneur+Panet%2C+Nicolet%2C+QC%2C+Canada&key=AIzaSyBGG9KMwSfFPJ_-vipDANTSj6LB4TPFlk8  
[2026-02-24 14:28:08] local.ERROR: Erreur API Geocoding : {"error_message":"API keys with referer restrictions cannot be used with this API.","results":[],"status":"REQUEST_DENIED"}  
[2026-02-24 21:22:01] local.DEBUG: Début création de fiche. Adresse : 55 Rue Lemieux, Granby, QC, Canada  
[2026-02-24 21:22:01] local.DEBUG: Appel API Geocoding : https://maps.googleapis.com/maps/api/geocode/json?address=55+Rue+Lemieux%2C+Granby%2C+QC%2C+Canada&key=AIzaSyBGG9KMwSfFPJ_-vipDANTSj6LB4TPFlk8  
[2026-02-24 21:22:01] local.ERROR: Erreur API Geocoding : {"error_message":"API keys with referer restrictions cannot be used with this API.","results":[],"status":"REQUEST_DENIED"}  
[2026-02-25 13:13:18] local.DEBUG: Début création de fiche. Adresse : 675 Rue Martin, Nicolet, QC, Canada  
[2026-02-25 13:13:18] local.DEBUG: Appel API Geocoding : https://maps.googleapis.com/maps/api/geocode/json?address=675+Rue+Martin%2C+Nicolet%2C+QC%2C+Canada&key=AIzaSyBGG9KMwSfFPJ_-vipDANTSj6LB4TPFlk8  
[2026-02-25 13:13:19] local.ERROR: Erreur API Geocoding : {"error_message":"API keys with referer restrictions cannot be used with this API.","results":[],"status":"REQUEST_DENIED"}  
[2026-02-25 15:01:56] local.DEBUG: Début création de fiche. Adresse : 56 Rue Villeneuve, Saint-Léonard-d'Aston, QC, Canada  
[2026-02-25 15:01:56] local.DEBUG: Appel API Geocoding : https://maps.googleapis.com/maps/api/geocode/json?address=56+Rue+Villeneuve%2C+Saint-L%C3%A9onard-d%27Aston%2C+QC%2C+Canada&key=AIzaSyBGG9KMwSfFPJ_-vipDANTSj6LB4TPFlk8  
[2026-02-25 15:01:56] local.ERROR: Erreur API Geocoding : {"error_message":"API keys with referer restrictions cannot be used with this API.","results":[],"status":"REQUEST_DENIED"}  
[2026-02-26 21:55:22] local.DEBUG: Début création de fiche. Adresse : 87 Chemin Scraire, Mille-Isles, QC, Canada  
[2026-02-26 21:55:22] local.DEBUG: Appel API Geocoding : https://maps.googleapis.com/maps/api/geocode/json?address=87+Chemin+Scraire%2C+Mille-Isles%2C+QC%2C+Canada&key=AIzaSyBGG9KMwSfFPJ_-vipDANTSj6LB4TPFlk8  
[2026-02-26 21:55:22] local.ERROR: Erreur API Geocoding : {"error_message":"API keys with referer restrictions cannot be used with this API.","results":[],"status":"REQUEST_DENIED"}  
[2026-02-27 14:52:27] local.DEBUG: Début création de fiche. Adresse : 2045 Rue Royale, Trois-Rivières, QC, Canada  
[2026-02-27 14:52:27] local.DEBUG: Appel API Geocoding : https://maps.googleapis.com/maps/api/geocode/json?address=2045+Rue+Royale%2C+Trois-Rivi%C3%A8res%2C+QC%2C+Canada&key=AIzaSyBGG9KMwSfFPJ_-vipDANTSj6LB4TPFlk8  
[2026-02-27 14:52:27] local.ERROR: Erreur API Geocoding : {"error_message":"API keys with referer restrictions cannot be used with this API.","results":[],"status":"REQUEST_DENIED"}  
[2026-02-27 14:53:05] local.DEBUG: Début création de fiche. Adresse : 2045 Rue Royale, Trois-Rivières, QC, Canada  
[2026-02-27 14:53:05] local.DEBUG: Appel API Geocoding : https://maps.googleapis.com/maps/api/geocode/json?address=2045+Rue+Royale%2C+Trois-Rivi%C3%A8res%2C+QC%2C+Canada&key=AIzaSyBGG9KMwSfFPJ_-vipDANTSj6LB4TPFlk8  
[2026-02-27 14:53:05] local.ERROR: Erreur API Geocoding : {"error_message":"API keys with referer restrictions cannot be used with this API.","results":[],"status":"REQUEST_DENIED"}  
[2026-02-27 21:15:18] local.DEBUG: Début création de fiche. Adresse : 24 Rue Lahaye, Trois-Rivières, QC, Canada  
[2026-02-27 21:15:18] local.DEBUG: Appel API Geocoding : https://maps.googleapis.com/maps/api/geocode/json?address=24+Rue+Lahaye%2C+Trois-Rivi%C3%A8res%2C+QC%2C+Canada&key=AIzaSyBGG9KMwSfFPJ_-vipDANTSj6LB4TPFlk8  
[2026-02-27 21:15:19] local.ERROR: Erreur API Geocoding : {"error_message":"API keys with referer restrictions cannot be used with this API.","results":[],"status":"REQUEST_DENIED"}  
[2026-03-03 13:19:32] local.DEBUG: Début création de fiche. Adresse : 820 Place du Val Royal, Brossard, QC, Canada  
[2026-03-03 13:19:32] local.DEBUG: Appel API Geocoding : https://maps.googleapis.com/maps/api/geocode/json?address=820+Place+du+Val+Royal%2C+Brossard%2C+QC%2C+Canada&key=AIzaSyBGG9KMwSfFPJ_-vipDANTSj6LB4TPFlk8  
[2026-03-03 13:19:32] local.ERROR: Erreur API Geocoding : {"error_message":"API keys with referer restrictions cannot be used with this API.","results":[],"status":"REQUEST_DENIED"}  
[2026-03-03 15:46:53] local.DEBUG: Début création de fiche. Adresse : 10 Rue Fortin, Sherrington, QC, Canada  
[2026-03-03 15:46:53] local.DEBUG: Appel API Geocoding : https://maps.googleapis.com/maps/api/geocode/json?address=10+Rue+Fortin%2C+Sherrington%2C+QC%2C+Canada&key=AIzaSyBGG9KMwSfFPJ_-vipDANTSj6LB4TPFlk8  
[2026-03-03 15:46:54] local.ERROR: Erreur API Geocoding : {"error_message":"API keys with referer restrictions cannot be used with this API.","results":[],"status":"REQUEST_DENIED"}  
[2026-03-04 12:35:01] local.DEBUG: Début création de fiche. Adresse : 85 Rue Massicotte, Champlain, QC, Canada  
[2026-03-04 12:35:01] local.DEBUG: Appel API Geocoding : https://maps.googleapis.com/maps/api/geocode/json?address=85+Rue+Massicotte%2C+Champlain%2C+QC%2C+Canada&key=AIzaSyBGG9KMwSfFPJ_-vipDANTSj6LB4TPFlk8  
[2026-03-04 12:35:01] local.ERROR: Erreur API Geocoding : {"error_message":"API keys with referer restrictions cannot be used with this API.","results":[],"status":"REQUEST_DENIED"}  
[2026-03-04 13:19:33] local.DEBUG: Début création de fiche. Adresse : 70 Rue des Pivoines, Métabetchouan-Lac-à-la-Croix, QC, Canada  
[2026-03-04 13:19:33] local.DEBUG: Appel API Geocoding : https://maps.googleapis.com/maps/api/geocode/json?address=70+Rue+des+Pivoines%2C+M%C3%A9tabetchouan-Lac-%C3%A0-la-Croix%2C+QC%2C+Canada&key=AIzaSyBGG9KMwSfFPJ_-vipDANTSj6LB4TPFlk8  
[2026-03-04 13:19:33] local.ERROR: Erreur API Geocoding : {"error_message":"API keys with referer restrictions cannot be used with this API.","results":[],"status":"REQUEST_DENIED"}  
[2026-03-05 12:06:49] local.DEBUG: Début création de fiche. Adresse : 7950 Rue du Rhone, Brossard, QC, Canada  
[2026-03-05 12:06:49] local.DEBUG: Appel API Geocoding : https://maps.googleapis.com/maps/api/geocode/json?address=7950+Rue+du+Rhone%2C+Brossard%2C+QC%2C+Canada&key=AIzaSyBGG9KMwSfFPJ_-vipDANTSj6LB4TPFlk8  
[2026-03-05 12:06:49] local.ERROR: Erreur API Geocoding : {"error_message":"API keys with referer restrictions cannot be used with this API.","results":[],"status":"REQUEST_DENIED"}  
[2026-03-06 13:29:17] local.DEBUG: Début création de fiche. Adresse : 457 Chemin Lac Violon, Sainte-Marguerite-Du-Lac-Mass*, QC, Canada  
[2026-03-06 13:29:17] local.DEBUG: Appel API Geocoding : https://maps.googleapis.com/maps/api/geocode/json?address=457+Chemin+Lac+Violon%2C+Sainte-Marguerite-Du-Lac-Mass%2A%2C+QC%2C+Canada&key=AIzaSyBGG9KMwSfFPJ_-vipDANTSj6LB4TPFlk8  
[2026-03-06 13:29:17] local.ERROR: Erreur API Geocoding : {"error_message":"API keys with referer restrictions cannot be used with this API.","results":[],"status":"REQUEST_DENIED"}  
[2026-03-06 13:42:06] local.DEBUG: Début création de fiche. Adresse : 1030 Croissant de la Picardière, Laval, QC, Canada  
[2026-03-06 13:42:06] local.DEBUG: Appel API Geocoding : https://maps.googleapis.com/maps/api/geocode/json?address=1030+Croissant+de+la+Picardi%C3%A8re%2C+Laval%2C+QC%2C+Canada&key=AIzaSyBGG9KMwSfFPJ_-vipDANTSj6LB4TPFlk8  
[2026-03-06 13:42:06] local.ERROR: Erreur API Geocoding : {"error_message":"API keys with referer restrictions cannot be used with this API.","results":[],"status":"REQUEST_DENIED"}  
[2026-03-08 17:46:16] local.DEBUG: Début création de fiche. Adresse : 5549 Chemin Queen Mary, Montréal, QC, Canada  
[2026-03-08 17:46:16] local.DEBUG: Appel API Geocoding : https://maps.googleapis.com/maps/api/geocode/json?address=5549+Chemin+Queen+Mary%2C+Montr%C3%A9al%2C+QC%2C+Canada&key=AIzaSyBGG9KMwSfFPJ_-vipDANTSj6LB4TPFlk8  
[2026-03-08 17:46:16] local.ERROR: Erreur API Geocoding : {"error_message":"API keys with referer restrictions cannot be used with this API.","results":[],"status":"REQUEST_DENIED"}  
[2026-03-09 12:15:25] local.DEBUG: Début création de fiche. Adresse : 1251 Rue Caron, Trois-Rivières, QC, Canada  
[2026-03-09 12:15:25] local.DEBUG: Appel API Geocoding : https://maps.googleapis.com/maps/api/geocode/json?address=1251+Rue+Caron%2C+Trois-Rivi%C3%A8res%2C+QC%2C+Canada&key=AIzaSyBGG9KMwSfFPJ_-vipDANTSj6LB4TPFlk8  
[2026-03-09 12:15:25] local.ERROR: Erreur API Geocoding : {"error_message":"API keys with referer restrictions cannot be used with this API.","results":[],"status":"REQUEST_DENIED"}  
[2026-03-09 19:00:28] local.DEBUG: Début création de fiche. Adresse : 60 Place Papineau, Candiac, QC, Canada  
[2026-03-09 19:00:28] local.DEBUG: Appel API Geocoding : https://maps.googleapis.com/maps/api/geocode/json?address=60+Place+Papineau%2C+Candiac%2C+QC%2C+Canada&key=AIzaSyBGG9KMwSfFPJ_-vipDANTSj6LB4TPFlk8  
[2026-03-09 19:00:29] local.ERROR: Erreur API Geocoding : {"error_message":"API keys with referer restrictions cannot be used with this API.","results":[],"status":"REQUEST_DENIED"}  
[2026-03-10 11:47:03] local.DEBUG: Début création de fiche. Adresse : 524 7e Av, Sainte-Eulalie, QC, Canada  
[2026-03-10 11:47:03] local.DEBUG: Appel API Geocoding : https://maps.googleapis.com/maps/api/geocode/json?address=524+7e+Av%2C+Sainte-Eulalie%2C+QC%2C+Canada&key=AIzaSyBGG9KMwSfFPJ_-vipDANTSj6LB4TPFlk8  
[2026-03-10 11:47:03] local.ERROR: Erreur API Geocoding : {"error_message":"API keys with referer restrictions cannot be used with this API.","results":[],"status":"REQUEST_DENIED"}  
[2026-03-10 12:32:13] local.DEBUG: Début création de fiche. Adresse : 687 Rue St Christophe, Trois-Rivières, QC, Canada  
[2026-03-10 12:32:13] local.DEBUG: Appel API Geocoding : https://maps.googleapis.com/maps/api/geocode/json?address=687+Rue+St+Christophe%2C+Trois-Rivi%C3%A8res%2C+QC%2C+Canada&key=AIzaSyBGG9KMwSfFPJ_-vipDANTSj6LB4TPFlk8  
[2026-03-10 12:32:13] local.ERROR: Erreur API Geocoding : {"error_message":"API keys with referer restrictions cannot be used with this API.","results":[],"status":"REQUEST_DENIED"}  
[2026-03-11 23:21:37] local.DEBUG: Début création de fiche. Adresse : 103 Rue Guay, Trois-Rivières, QC, Canada  
[2026-03-11 23:21:37] local.DEBUG: Appel API Geocoding : https://maps.googleapis.com/maps/api/geocode/json?address=103+Rue+Guay%2C+Trois-Rivi%C3%A8res%2C+QC%2C+Canada&key=AIzaSyBGG9KMwSfFPJ_-vipDANTSj6LB4TPFlk8  
[2026-03-11 23:21:38] local.ERROR: Erreur API Geocoding : {"error_message":"API keys with referer restrictions cannot be used with this API.","results":[],"status":"REQUEST_DENIED"}  
[2026-03-12 04:14:47] local.DEBUG: Début création de fiche. Adresse : 856 Pl. Sardaigne, Brossard, QC, Canada  
[2026-03-12 04:14:47] local.DEBUG: Appel API Geocoding : https://maps.googleapis.com/maps/api/geocode/json?address=856+Pl.+Sardaigne%2C+Brossard%2C+QC%2C+Canada&key=AIzaSyBGG9KMwSfFPJ_-vipDANTSj6LB4TPFlk8  
[2026-03-12 04:14:47] local.ERROR: Erreur API Geocoding : {"error_message":"API keys with referer restrictions cannot be used with this API.","results":[],"status":"REQUEST_DENIED"}  
[2026-03-12 10:02:39] local.DEBUG: Début création de fiche. Adresse : 3455 Avenue Voyer, Bécancour, QC, Canada  
[2026-03-12 10:02:39] local.DEBUG: Appel API Geocoding : https://maps.googleapis.com/maps/api/geocode/json?address=3455+Avenue+Voyer%2C+B%C3%A9cancour%2C+QC%2C+Canada&key=AIzaSyBGG9KMwSfFPJ_-vipDANTSj6LB4TPFlk8  
[2026-03-12 10:02:39] local.ERROR: Erreur API Geocoding : {"error_message":"API keys with referer restrictions cannot be used with this API.","results":[],"status":"REQUEST_DENIED"}  
[2026-03-12 10:35:49] local.DEBUG: Début création de fiche. Adresse : 3320 Av. Dugas, Bécancour, QC, Canada  
[2026-03-12 10:35:49] local.DEBUG: Appel API Geocoding : https://maps.googleapis.com/maps/api/geocode/json?address=3320+Av.+Dugas%2C+B%C3%A9cancour%2C+QC%2C+Canada&key=AIzaSyBGG9KMwSfFPJ_-vipDANTSj6LB4TPFlk8  
[2026-03-12 10:35:49] local.ERROR: Erreur API Geocoding : {"error_message":"API keys with referer restrictions cannot be used with this API.","results":[],"status":"REQUEST_DENIED"}  
[2026-03-12 13:00:21] local.DEBUG: Début création de fiche. Adresse : 606 1er Rang Ouest, Saint-Joachim-de-Shefford, QC, Canada  
[2026-03-12 13:00:21] local.DEBUG: Appel API Geocoding : https://maps.googleapis.com/maps/api/geocode/json?address=606+1er+Rang+Ouest%2C+Saint-Joachim-de-Shefford%2C+QC%2C+Canada&key=AIzaSyBGG9KMwSfFPJ_-vipDANTSj6LB4TPFlk8  
[2026-03-12 13:00:21] local.ERROR: Erreur API Geocoding : {"error_message":"API keys with referer restrictions cannot be used with this API.","results":[],"status":"REQUEST_DENIED"}  
[2026-03-13 10:44:53] local.DEBUG: Début création de fiche. Adresse : 2244 Rue Boisvert, Shawinigan, QC, Canada  
[2026-03-13 10:44:53] local.DEBUG: Appel API Geocoding : https://maps.googleapis.com/maps/api/geocode/json?address=2244+Rue+Boisvert%2C+Shawinigan%2C+QC%2C+Canada&key=AIzaSyBGG9KMwSfFPJ_-vipDANTSj6LB4TPFlk8  
[2026-03-13 10:44:53] local.ERROR: Erreur API Geocoding : {"error_message":"API keys with referer restrictions cannot be used with this API.","results":[],"status":"REQUEST_DENIED"}  
[2026-03-16 13:18:57] local.DEBUG: Début création de fiche. Adresse : 106 Chemin Davis, Lac-Brome, Fulford, QC, Canada  
[2026-03-16 13:18:57] local.DEBUG: Appel API Geocoding : https://maps.googleapis.com/maps/api/geocode/json?address=106+Chemin+Davis%2C+Lac-Brome%2C+Fulford%2C+QC%2C+Canada&key=AIzaSyBGG9KMwSfFPJ_-vipDANTSj6LB4TPFlk8  
[2026-03-16 13:18:57] local.ERROR: Erreur API Geocoding : {"error_message":"API keys with referer restrictions cannot be used with this API.","results":[],"status":"REQUEST_DENIED"}  
[2026-03-16 17:37:15] local.DEBUG: Début création de fiche. Adresse : 124 Rue des Coteaux , Cowansville, QC, Canada  
[2026-03-16 17:37:15] local.DEBUG: Appel API Geocoding : https://maps.googleapis.com/maps/api/geocode/json?address=124+Rue+des+Coteaux+%2C+Cowansville%2C+QC%2C+Canada&key=AIzaSyBGG9KMwSfFPJ_-vipDANTSj6LB4TPFlk8  
[2026-03-16 17:37:15] local.ERROR: Erreur API Geocoding : {"error_message":"API keys with referer restrictions cannot be used with this API.","results":[],"status":"REQUEST_DENIED"}  
[2026-03-16 20:54:29] local.DEBUG: Début création de fiche. Adresse : 980 Rue des Ruisseaux, Trois-Rivières, QC, Canada  
[2026-03-16 20:54:29] local.DEBUG: Appel API Geocoding : https://maps.googleapis.com/maps/api/geocode/json?address=980+Rue+des+Ruisseaux%2C+Trois-Rivi%C3%A8res%2C+QC%2C+Canada&key=AIzaSyBGG9KMwSfFPJ_-vipDANTSj6LB4TPFlk8  
[2026-03-16 20:54:29] local.ERROR: Erreur API Geocoding : {"error_message":"API keys with referer restrictions cannot be used with this API.","results":[],"status":"REQUEST_DENIED"}  
[2026-03-17 12:03:24] local.DEBUG: Début création de fiche. Adresse : 2285 Av. Ekers, Mont-Royal, QC, Canada  
[2026-03-17 12:03:24] local.DEBUG: Appel API Geocoding : https://maps.googleapis.com/maps/api/geocode/json?address=2285+Av.+Ekers%2C+Mont-Royal%2C+QC%2C+Canada&key=AIzaSyBGG9KMwSfFPJ_-vipDANTSj6LB4TPFlk8  
[2026-03-17 12:03:24] local.ERROR: Erreur API Geocoding : {"error_message":"API keys with referer restrictions cannot be used with this API.","results":[],"status":"REQUEST_DENIED"}  
[2026-03-17 15:02:50] local.DEBUG: Début création de fiche. Adresse : 42 Square Sir Georges Étienne Cartier, Montréal, QC, Canada  
[2026-03-17 15:02:50] local.DEBUG: Appel API Geocoding : https://maps.googleapis.com/maps/api/geocode/json?address=42+Square+Sir+Georges+%C3%89tienne+Cartier%2C+Montr%C3%A9al%2C+QC%2C+Canada&key=AIzaSyBGG9KMwSfFPJ_-vipDANTSj6LB4TPFlk8  
[2026-03-17 15:02:50] local.ERROR: Erreur API Geocoding : {"error_message":"API keys with referer restrictions cannot be used with this API.","results":[],"status":"REQUEST_DENIED"}  
[2026-03-17 15:12:06] local.DEBUG: Début création de fiche. Adresse : 4025 Chemin de Saint-Jean, Saint-Philippe, QC, Canada  
[2026-03-17 15:12:06] local.DEBUG: Appel API Geocoding : https://maps.googleapis.com/maps/api/geocode/json?address=4025+Chemin+de+Saint-Jean%2C+Saint-Philippe%2C+QC%2C+Canada&key=AIzaSyBGG9KMwSfFPJ_-vipDANTSj6LB4TPFlk8  
[2026-03-17 15:12:06] local.ERROR: Erreur API Geocoding : {"error_message":"API keys with referer restrictions cannot be used with this API.","results":[],"status":"REQUEST_DENIED"}  
[2026-03-17 15:20:59] local.DEBUG: Début création de fiche. Adresse : 193 Chemin Jolley, Shefford, QC, Canada  
[2026-03-17 15:20:59] local.DEBUG: Appel API Geocoding : https://maps.googleapis.com/maps/api/geocode/json?address=193+Chemin+Jolley%2C+Shefford%2C+QC%2C+Canada&key=AIzaSyBGG9KMwSfFPJ_-vipDANTSj6LB4TPFlk8  
[2026-03-17 15:20:59] local.ERROR: Erreur API Geocoding : {"error_message":"API keys with referer restrictions cannot be used with this API.","results":[],"status":"REQUEST_DENIED"}  
[2026-03-18 11:55:01] local.DEBUG: Début création de fiche. Adresse : 5425 Croissant Beaumanoir, Brossard, QC, Canada  
[2026-03-18 11:55:01] local.DEBUG: Appel API Geocoding : https://maps.googleapis.com/maps/api/geocode/json?address=5425+Croissant+Beaumanoir%2C+Brossard%2C+QC%2C+Canada&key=AIzaSyBGG9KMwSfFPJ_-vipDANTSj6LB4TPFlk8  
[2026-03-18 11:55:02] local.ERROR: Erreur API Geocoding : {"error_message":"API keys with referer restrictions cannot be used with this API.","results":[],"status":"REQUEST_DENIED"}  
[2026-03-19 15:05:37] local.DEBUG: Début création de fiche. Adresse : 306 Rue du Forgeron, Bromont, QC, Canada  
[2026-03-19 15:05:37] local.DEBUG: Appel API Geocoding : https://maps.googleapis.com/maps/api/geocode/json?address=306+Rue+du+Forgeron%2C+Bromont%2C+QC%2C+Canada&key=AIzaSyBGG9KMwSfFPJ_-vipDANTSj6LB4TPFlk8  
[2026-03-19 15:05:37] local.ERROR: Erreur API Geocoding : {"error_message":"API keys with referer restrictions cannot be used with this API.","results":[],"status":"REQUEST_DENIED"}  
[2026-03-21 16:28:03] local.DEBUG: Début création de fiche. Adresse : 1150 croissant de la Sabliere, Sainte-Adèle, QC, Canada  
[2026-03-21 16:28:03] local.DEBUG: Appel API Geocoding : https://maps.googleapis.com/maps/api/geocode/json?address=1150+croissant+de+la+Sabliere%2C+Sainte-Ad%C3%A8le%2C+QC%2C+Canada&key=AIzaSyBGG9KMwSfFPJ_-vipDANTSj6LB4TPFlk8  
[2026-03-21 16:28:03] local.ERROR: Erreur API Geocoding : {"error_message":"API keys with referer restrictions cannot be used with this API.","results":[],"status":"REQUEST_DENIED"}  
[2026-03-22 13:11:05] local.DEBUG: Début création de fiche. Adresse : 9385 Avenue San Francisco, Brossard, QC, Canada  
[2026-03-22 13:11:05] local.DEBUG: Appel API Geocoding : https://maps.googleapis.com/maps/api/geocode/json?address=9385+Avenue+San+Francisco%2C+Brossard%2C+QC%2C+Canada&key=AIzaSyBGG9KMwSfFPJ_-vipDANTSj6LB4TPFlk8  
[2026-03-22 13:11:06] local.ERROR: Erreur API Geocoding : {"error_message":"API keys with referer restrictions cannot be used with this API.","results":[],"status":"REQUEST_DENIED"}  
[2026-03-23 12:32:51] local.DEBUG: Début création de fiche. Adresse : 1710 Rue René-Gagnier, Trois-Rivières, QC, Canada  
[2026-03-23 12:32:51] local.DEBUG: Appel API Geocoding : https://maps.googleapis.com/maps/api/geocode/json?address=1710+Rue+Ren%C3%A9-Gagnier%2C+Trois-Rivi%C3%A8res%2C+QC%2C+Canada&key=AIzaSyBGG9KMwSfFPJ_-vipDANTSj6LB4TPFlk8  
[2026-03-23 12:32:51] local.ERROR: Erreur API Geocoding : {"error_message":"API keys with referer restrictions cannot be used with this API.","results":[],"status":"REQUEST_DENIED"}  
[2026-03-23 13:12:23] local.DEBUG: Début création de fiche. Adresse : 70 Rue du Sentier, Trois-Rivières, QC, Canada  
[2026-03-23 13:12:23] local.DEBUG: Appel API Geocoding : https://maps.googleapis.com/maps/api/geocode/json?address=70+Rue+du+Sentier%2C+Trois-Rivi%C3%A8res%2C+QC%2C+Canada&key=AIzaSyBGG9KMwSfFPJ_-vipDANTSj6LB4TPFlk8  
[2026-03-23 13:12:23] local.ERROR: Erreur API Geocoding : {"error_message":"API keys with referer restrictions cannot be used with this API.","results":[],"status":"REQUEST_DENIED"}  
[2026-03-23 16:06:16] local.DEBUG: Début création de fiche. Adresse : 2622 Chemin de la Côte-Sainte-Catherine, Montréal, QC, Canada  
[2026-03-23 16:06:16] local.DEBUG: Appel API Geocoding : https://maps.googleapis.com/maps/api/geocode/json?address=2622+Chemin+de+la+C%C3%B4te-Sainte-Catherine%2C+Montr%C3%A9al%2C+QC%2C+Canada&key=AIzaSyBGG9KMwSfFPJ_-vipDANTSj6LB4TPFlk8  
[2026-03-23 16:06:16] local.ERROR: Erreur API Geocoding : {"error_message":"API keys with referer restrictions cannot be used with this API.","results":[],"status":"REQUEST_DENIED"}  
[2026-03-23 22:01:26] local.DEBUG: Début création de fiche. Adresse : 132 Boulevard de Bromont, Bromont, QC, Canada  
[2026-03-23 22:01:26] local.DEBUG: Appel API Geocoding : https://maps.googleapis.com/maps/api/geocode/json?address=132+Boulevard+de+Bromont%2C+Bromont%2C+QC%2C+Canada&key=AIzaSyBGG9KMwSfFPJ_-vipDANTSj6LB4TPFlk8  
[2026-03-23 22:01:26] local.ERROR: Erreur API Geocoding : {"error_message":"API keys with referer restrictions cannot be used with this API.","results":[],"status":"REQUEST_DENIED"}  
[2026-03-24 19:16:04] local.DEBUG: Début création de fiche. Adresse : 95 Rue St Jean, Mont-Blanc, QC, Canada  
[2026-03-24 19:16:04] local.DEBUG: Appel API Geocoding : https://maps.googleapis.com/maps/api/geocode/json?address=95+Rue+St+Jean%2C+Mont-Blanc%2C+QC%2C+Canada&key=AIzaSyBGG9KMwSfFPJ_-vipDANTSj6LB4TPFlk8  
[2026-03-24 19:16:04] local.ERROR: Erreur API Geocoding : {"error_message":"API keys with referer restrictions cannot be used with this API.","results":[],"status":"REQUEST_DENIED"}  
[2026-03-24 21:06:06] local.DEBUG: Début création de fiche. Adresse : 5640 Avenue Woodbury, Montréal, QC, Canada  
[2026-03-24 21:06:06] local.DEBUG: Appel API Geocoding : https://maps.googleapis.com/maps/api/geocode/json?address=5640+Avenue+Woodbury%2C+Montr%C3%A9al%2C+QC%2C+Canada&key=AIzaSyBGG9KMwSfFPJ_-vipDANTSj6LB4TPFlk8  
[2026-03-24 21:06:07] local.ERROR: Erreur API Geocoding : {"error_message":"API keys with referer restrictions cannot be used with this API.","results":[],"status":"REQUEST_DENIED"}  
[2026-03-25 11:49:25] local.DEBUG: Début création de fiche. Adresse : 6680 Rue Villon, Brossard, QC, Canada  
[2026-03-25 11:49:25] local.DEBUG: Appel API Geocoding : https://maps.googleapis.com/maps/api/geocode/json?address=6680+Rue+Villon%2C+Brossard%2C+QC%2C+Canada&key=AIzaSyBGG9KMwSfFPJ_-vipDANTSj6LB4TPFlk8  
[2026-03-25 11:49:26] local.ERROR: Erreur API Geocoding : {"error_message":"API keys with referer restrictions cannot be used with this API.","results":[],"status":"REQUEST_DENIED"}  
[2026-03-25 13:54:53] local.DEBUG: Début création de fiche. Adresse : 1130 Chemin Louis Gatineau, Yamachiche, QC, Canada  
[2026-03-25 13:54:53] local.DEBUG: Appel API Geocoding : https://maps.googleapis.com/maps/api/geocode/json?address=1130+Chemin+Louis+Gatineau%2C+Yamachiche%2C+QC%2C+Canada&key=AIzaSyBGG9KMwSfFPJ_-vipDANTSj6LB4TPFlk8  
[2026-03-25 13:54:54] local.ERROR: Erreur API Geocoding : {"error_message":"API keys with referer restrictions cannot be used with this API.","results":[],"status":"REQUEST_DENIED"}  
[2026-03-26 12:03:31] local.DEBUG: Début création de fiche. Adresse : 471 Rue Gélinas, Trois-Rivières, QC, Canada  
[2026-03-26 12:03:31] local.DEBUG: Appel API Geocoding : https://maps.googleapis.com/maps/api/geocode/json?address=471+Rue+G%C3%A9linas%2C+Trois-Rivi%C3%A8res%2C+QC%2C+Canada&key=AIzaSyBGG9KMwSfFPJ_-vipDANTSj6LB4TPFlk8  
[2026-03-26 12:03:32] local.ERROR: Erreur API Geocoding : {"error_message":"API keys with referer restrictions cannot be used with this API.","results":[],"status":"REQUEST_DENIED"}  
[2026-03-26 13:22:54] local.DEBUG: Début création de fiche. Adresse : 1230 Croissant Rainville, Brossard, QC, Canada  
[2026-03-26 13:22:54] local.DEBUG: Appel API Geocoding : https://maps.googleapis.com/maps/api/geocode/json?address=1230+Croissant+Rainville%2C+Brossard%2C+QC%2C+Canada&key=AIzaSyBGG9KMwSfFPJ_-vipDANTSj6LB4TPFlk8  
[2026-03-26 13:22:54] local.ERROR: Erreur API Geocoding : {"error_message":"API keys with referer restrictions cannot be used with this API.","results":[],"status":"REQUEST_DENIED"}  
[2026-03-26 14:38:41] local.DEBUG: Début création de fiche. Adresse : 191 Chemin Martin, Farnham, QC, Canada  
[2026-03-26 14:38:41] local.DEBUG: Appel API Geocoding : https://maps.googleapis.com/maps/api/geocode/json?address=191+Chemin+Martin%2C+Farnham%2C+QC%2C+Canada&key=AIzaSyBGG9KMwSfFPJ_-vipDANTSj6LB4TPFlk8  
[2026-03-26 14:38:41] local.ERROR: Erreur API Geocoding : {"error_message":"API keys with referer restrictions cannot be used with this API.","results":[],"status":"REQUEST_DENIED"}  
[2026-03-26 17:54:25] local.DEBUG: Début création de fiche. Adresse : 1625 Rue Socrate, Brossard, QC, Canada  
[2026-03-26 17:54:25] local.DEBUG: Appel API Geocoding : https://maps.googleapis.com/maps/api/geocode/json?address=1625+Rue+Socrate%2C+Brossard%2C+QC%2C+Canada&key=AIzaSyBGG9KMwSfFPJ_-vipDANTSj6LB4TPFlk8  
[2026-03-26 17:54:25] local.ERROR: Erreur API Geocoding : {"error_message":"API keys with referer restrictions cannot be used with this API.","results":[],"status":"REQUEST_DENIED"}  
[2026-03-27 22:19:42] local.DEBUG: Début création de fiche. Adresse : 5325 Rue de Monaco, Trois-Rivières, QC, Canada  
[2026-03-27 22:19:42] local.DEBUG: Appel API Geocoding : https://maps.googleapis.com/maps/api/geocode/json?address=5325+Rue+de+Monaco%2C+Trois-Rivi%C3%A8res%2C+QC%2C+Canada&key=AIzaSyBGG9KMwSfFPJ_-vipDANTSj6LB4TPFlk8  
[2026-03-27 22:19:42] local.ERROR: Erreur API Geocoding : {"error_message":"API keys with referer restrictions cannot be used with this API.","results":[],"status":"REQUEST_DENIED"}  
[2026-03-28 11:35:26] local.DEBUG: Début création de fiche. Adresse : 59 Chemin du Petit Pont, Saint-Adolphe-d'Howard, QC, Canada  
[2026-03-28 11:35:26] local.DEBUG: Appel API Geocoding : https://maps.googleapis.com/maps/api/geocode/json?address=59+Chemin+du+Petit+Pont%2C+Saint-Adolphe-d%27Howard%2C+QC%2C+Canada&key=AIzaSyBGG9KMwSfFPJ_-vipDANTSj6LB4TPFlk8  
[2026-03-28 11:35:26] local.ERROR: Erreur API Geocoding : {"error_message":"API keys with referer restrictions cannot be used with this API.","results":[],"status":"REQUEST_DENIED"}  
[2026-03-28 15:07:48] local.DEBUG: Début création de fiche. Adresse : 1355 Croissant de Séville, Brossard, QC, Canada  
[2026-03-28 15:07:48] local.DEBUG: Appel API Geocoding : https://maps.googleapis.com/maps/api/geocode/json?address=1355+Croissant+de+S%C3%A9ville%2C+Brossard%2C+QC%2C+Canada&key=AIzaSyBGG9KMwSfFPJ_-vipDANTSj6LB4TPFlk8  
[2026-03-28 15:07:49] local.ERROR: Erreur API Geocoding : {"error_message":"API keys with referer restrictions cannot be used with this API.","results":[],"status":"REQUEST_DENIED"}  
[2026-03-30 12:59:49] local.DEBUG: Début création de fiche. Adresse : 1944 Rue Michel Sarrazin, Trois-Rivières, QC, Canada  
[2026-03-30 12:59:49] local.DEBUG: Appel API Geocoding : https://maps.googleapis.com/maps/api/geocode/json?address=1944+Rue+Michel+Sarrazin%2C+Trois-Rivi%C3%A8res%2C+QC%2C+Canada&key=AIzaSyBGG9KMwSfFPJ_-vipDANTSj6LB4TPFlk8  
[2026-03-30 12:59:50] local.ERROR: Erreur API Geocoding : {"error_message":"API keys with referer restrictions cannot be used with this API.","results":[],"status":"REQUEST_DENIED"}  
[2026-03-30 13:52:57] local.DEBUG: Début création de fiche. Adresse : 6050 Rue Lacoursière, Trois-Rivières, QC, Canada  
[2026-03-30 13:52:57] local.DEBUG: Appel API Geocoding : https://maps.googleapis.com/maps/api/geocode/json?address=6050+Rue+Lacoursi%C3%A8re%2C+Trois-Rivi%C3%A8res%2C+QC%2C+Canada&key=AIzaSyBGG9KMwSfFPJ_-vipDANTSj6LB4TPFlk8  
[2026-03-30 13:52:58] local.ERROR: Erreur API Geocoding : {"error_message":"API keys with referer restrictions cannot be used with this API.","results":[],"status":"REQUEST_DENIED"}  
[2026-03-30 13:55:19] local.DEBUG: Début création de fiche. Adresse : 382 Rue Gince, Granby, QC, Canada  
[2026-03-30 13:55:19] local.DEBUG: Appel API Geocoding : https://maps.googleapis.com/maps/api/geocode/json?address=382+Rue+Gince%2C+Granby%2C+QC%2C+Canada&key=AIzaSyBGG9KMwSfFPJ_-vipDANTSj6LB4TPFlk8  
[2026-03-30 13:55:19] local.ERROR: Erreur API Geocoding : {"error_message":"API keys with referer restrictions cannot be used with this API.","results":[],"status":"REQUEST_DENIED"}  
[2026-03-30 14:01:34] local.DEBUG: Début création de fiche. Adresse : 2285 Avenue Ekers, Mont-Royal, QC, Canada  
[2026-03-30 14:01:34] local.DEBUG: Appel API Geocoding : https://maps.googleapis.com/maps/api/geocode/json?address=2285+Avenue+Ekers%2C+Mont-Royal%2C+QC%2C+Canada&key=AIzaSyBGG9KMwSfFPJ_-vipDANTSj6LB4TPFlk8  
[2026-03-30 14:01:35] local.ERROR: Erreur API Geocoding : {"error_message":"API keys with referer restrictions cannot be used with this API.","results":[],"status":"REQUEST_DENIED"}  
[2026-03-30 14:03:54] local.DEBUG: Début création de fiche. Adresse : 119 Rue de Villebois, Eastman, QC, Canada  
[2026-03-30 14:03:54] local.DEBUG: Appel API Geocoding : https://maps.googleapis.com/maps/api/geocode/json?address=119+Rue+de+Villebois%2C+Eastman%2C+QC%2C+Canada&key=AIzaSyBGG9KMwSfFPJ_-vipDANTSj6LB4TPFlk8  
[2026-03-30 14:03:54] local.ERROR: Erreur API Geocoding : {"error_message":"API keys with referer restrictions cannot be used with this API.","results":[],"status":"REQUEST_DENIED"}  
[2026-03-31 02:54:54] local.DEBUG: Début création de fiche. Adresse : 6960 Rue Pinard, Brossard, QC, Canada  
[2026-03-31 02:54:54] local.DEBUG: Appel API Geocoding : https://maps.googleapis.com/maps/api/geocode/json?address=6960+Rue+Pinard%2C+Brossard%2C+QC%2C+Canada&key=AIzaSyBGG9KMwSfFPJ_-vipDANTSj6LB4TPFlk8  
[2026-03-31 02:54:54] local.ERROR: Erreur API Geocoding : {"error_message":"API keys with referer restrictions cannot be used with this API.","results":[],"status":"REQUEST_DENIED"}  
[2026-04-01 13:50:48] local.DEBUG: Début création de fiche. Adresse : 2470 Rue Éliza, Trois-Rivières, QC, Canada  
[2026-04-01 13:50:48] local.DEBUG: Appel API Geocoding : https://maps.googleapis.com/maps/api/geocode/json?address=2470+Rue+%C3%89liza%2C+Trois-Rivi%C3%A8res%2C+QC%2C+Canada&key=AIzaSyBGG9KMwSfFPJ_-vipDANTSj6LB4TPFlk8  
[2026-04-01 13:50:49] local.ERROR: Erreur API Geocoding : {"error_message":"API keys with referer restrictions cannot be used with this API.","results":[],"status":"REQUEST_DENIED"}  
[2026-04-01 14:32:14] local.DEBUG: Début création de fiche. Adresse : 337 Chemin de Lotbinière, Bromont, QC, Canada  
[2026-04-01 14:32:14] local.DEBUG: Appel API Geocoding : https://maps.googleapis.com/maps/api/geocode/json?address=337+Chemin+de+Lotbini%C3%A8re%2C+Bromont%2C+QC%2C+Canada&key=AIzaSyBGG9KMwSfFPJ_-vipDANTSj6LB4TPFlk8  
[2026-04-01 14:32:14] local.ERROR: Erreur API Geocoding : {"error_message":"API keys with referer restrictions cannot be used with this API.","results":[],"status":"REQUEST_DENIED"}  
[2026-04-02 13:51:25] local.DEBUG: Début création de fiche. Adresse : 8 Rue Pépin, Trois-Rivières, QC, Canada  
[2026-04-02 13:51:25] local.DEBUG: Appel API Geocoding : https://maps.googleapis.com/maps/api/geocode/json?address=8+Rue+P%C3%A9pin%2C+Trois-Rivi%C3%A8res%2C+QC%2C+Canada&key=AIzaSyBGG9KMwSfFPJ_-vipDANTSj6LB4TPFlk8  
[2026-04-02 13:51:25] local.ERROR: Erreur API Geocoding : {"error_message":"API keys with referer restrictions cannot be used with this API.","results":[],"status":"REQUEST_DENIED"}  
[2026-04-02 19:29:56] local.DEBUG: Début création de fiche. Adresse : 425 Rue Rock Provencher, Nicolet, QC, Canada  
[2026-04-02 19:29:56] local.DEBUG: Appel API Geocoding : https://maps.googleapis.com/maps/api/geocode/json?address=425+Rue+Rock+Provencher%2C+Nicolet%2C+QC%2C+Canada&key=AIzaSyBGG9KMwSfFPJ_-vipDANTSj6LB4TPFlk8  
[2026-04-02 19:29:56] local.ERROR: Erreur API Geocoding : {"error_message":"API keys with referer restrictions cannot be used with this API.","results":[],"status":"REQUEST_DENIED"}  
[2026-04-07 13:16:53] local.DEBUG: Début création de fiche. Adresse : 155 Rue Pierre-Boucher, Trois-Rivières, QC, Canada  
[2026-04-07 13:16:53] local.DEBUG: Appel API Geocoding : https://maps.googleapis.com/maps/api/geocode/json?address=155+Rue+Pierre-Boucher%2C+Trois-Rivi%C3%A8res%2C+QC%2C+Canada&key=AIzaSyBGG9KMwSfFPJ_-vipDANTSj6LB4TPFlk8  
[2026-04-07 13:16:53] local.ERROR: Erreur API Geocoding : {"error_message":"API keys with referer restrictions cannot be used with this API.","results":[],"status":"REQUEST_DENIED"}  
[2026-04-07 13:56:37] local.DEBUG: Début création de fiche. Adresse : 9 Rue des Épinettes, Orford, QC, Canada  
[2026-04-07 13:56:37] local.DEBUG: Appel API Geocoding : https://maps.googleapis.com/maps/api/geocode/json?address=9+Rue+des+%C3%89pinettes%2C+Orford%2C+QC%2C+Canada&key=AIzaSyBGG9KMwSfFPJ_-vipDANTSj6LB4TPFlk8  
[2026-04-07 13:56:37] local.ERROR: Erreur API Geocoding : {"error_message":"API keys with referer restrictions cannot be used with this API.","results":[],"status":"REQUEST_DENIED"}  
[2026-04-07 17:20:50] local.DEBUG: Début création de fiche. Adresse : Quebec Street, Vancouver, BC, Canada  
[2026-04-07 17:20:50] local.DEBUG: Appel API Geocoding : https://maps.googleapis.com/maps/api/geocode/json?address=Quebec+Street%2C+Vancouver%2C+BC%2C+Canada&key=AIzaSyBGG9KMwSfFPJ_-vipDANTSj6LB4TPFlk8  
[2026-04-07 17:20:51] local.ERROR: Erreur API Geocoding : {"error_message":"API keys with referer restrictions cannot be used with this API.","results":[],"status":"REQUEST_DENIED"}  
[2026-04-09 12:02:30] local.DEBUG: Début création de fiche. Adresse : 700 Rue Verdure, Brossard, QC, Canada  
[2026-04-09 12:02:30] local.DEBUG: Appel API Geocoding : https://maps.googleapis.com/maps/api/geocode/json?address=700+Rue+Verdure%2C+Brossard%2C+QC%2C+Canada&key=AIzaSyBGG9KMwSfFPJ_-vipDANTSj6LB4TPFlk8  
[2026-04-09 12:02:30] local.ERROR: Erreur API Geocoding : {"error_message":"API keys with referer restrictions cannot be used with this API.","results":[],"status":"REQUEST_DENIED"}  
[2026-04-09 15:00:12] local.DEBUG: Début création de fiche. Adresse : 27 Rue du Rocher, Bromont, QC, Canada  
[2026-04-09 15:00:12] local.DEBUG: Appel API Geocoding : https://maps.googleapis.com/maps/api/geocode/json?address=27+Rue+du+Rocher%2C+Bromont%2C+QC%2C+Canada&key=AIzaSyBGG9KMwSfFPJ_-vipDANTSj6LB4TPFlk8  
[2026-04-09 15:00:12] local.ERROR: Erreur API Geocoding : {"error_message":"API keys with referer restrictions cannot be used with this API.","results":[],"status":"REQUEST_DENIED"}  
[2026-04-10 11:00:26] local.DEBUG: Début création de fiche. Adresse : 941 Chemin Tamaracouta, Mille-Isles, QC, Canada  
[2026-04-10 11:00:26] local.DEBUG: Appel API Geocoding : https://maps.googleapis.com/maps/api/geocode/json?address=941+Chemin+Tamaracouta%2C+Mille-Isles%2C+QC%2C+Canada&key=AIzaSyBGG9KMwSfFPJ_-vipDANTSj6LB4TPFlk8  
[2026-04-10 11:00:27] local.ERROR: Erreur API Geocoding : {"error_message":"API keys with referer restrictions cannot be used with this API.","results":[],"status":"REQUEST_DENIED"}  
[2026-04-10 22:41:25] local.DEBUG: Début création de fiche. Adresse : 5660 Croissant Beaumanoir, Brossard, QC, Canada  
[2026-04-10 22:41:25] local.DEBUG: Appel API Geocoding : https://maps.googleapis.com/maps/api/geocode/json?address=5660+Croissant+Beaumanoir%2C+Brossard%2C+QC%2C+Canada&key=AIzaSyBGG9KMwSfFPJ_-vipDANTSj6LB4TPFlk8  
[2026-04-10 22:41:25] local.ERROR: Erreur API Geocoding : {"error_message":"API keys with referer restrictions cannot be used with this API.","results":[],"status":"REQUEST_DENIED"}  
[2026-04-10 23:01:38] local.DEBUG: Début création de fiche. Adresse : 145 Rue de Marseille, Sainte-Julie, QC, Canada  
[2026-04-10 23:01:38] local.DEBUG: Appel API Geocoding : https://maps.googleapis.com/maps/api/geocode/json?address=145+Rue+de+Marseille%2C+Sainte-Julie%2C+QC%2C+Canada&key=AIzaSyBGG9KMwSfFPJ_-vipDANTSj6LB4TPFlk8  
[2026-04-10 23:01:38] local.ERROR: Erreur API Geocoding : {"error_message":"API keys with referer restrictions cannot be used with this API.","results":[],"status":"REQUEST_DENIED"}  
[2026-04-11 22:36:53] local.DEBUG: Début création de fiche. Adresse : 40 Rue Saint-Alexandre, Longueuil, QC, Canada  
[2026-04-11 22:36:53] local.DEBUG: Appel API Geocoding : https://maps.googleapis.com/maps/api/geocode/json?address=40+Rue+Saint-Alexandre%2C+Longueuil%2C+QC%2C+Canada&key=AIzaSyBGG9KMwSfFPJ_-vipDANTSj6LB4TPFlk8  
[2026-04-11 22:36:54] local.ERROR: Erreur API Geocoding : {"error_message":"API keys with referer restrictions cannot be used with this API.","results":[],"status":"REQUEST_DENIED"}  
[2026-04-13 13:15:10] local.DEBUG: Début création de fiche. Adresse : 3224 Rue Hector - Lussier, Laval, QC, Canada  
[2026-04-13 13:15:10] local.DEBUG: Appel API Geocoding : https://maps.googleapis.com/maps/api/geocode/json?address=3224+Rue+Hector+-+Lussier%2C+Laval%2C+QC%2C+Canada&key=AIzaSyBGG9KMwSfFPJ_-vipDANTSj6LB4TPFlk8  
[2026-04-13 13:15:11] local.ERROR: Erreur API Geocoding : {"error_message":"API keys with referer restrictions cannot be used with this API.","results":[],"status":"REQUEST_DENIED"}  
[2026-04-13 17:52:54] local.DEBUG: Début création de fiche. Adresse : 1555 Rue Pelletier, Farnham, QC, Canada  
[2026-04-13 17:52:54] local.DEBUG: Appel API Geocoding : https://maps.googleapis.com/maps/api/geocode/json?address=1555+Rue+Pelletier%2C+Farnham%2C+QC%2C+Canada&key=AIzaSyBGG9KMwSfFPJ_-vipDANTSj6LB4TPFlk8  
[2026-04-13 17:52:55] local.ERROR: Erreur API Geocoding : {"error_message":"API keys with referer restrictions cannot be used with this API.","results":[],"status":"REQUEST_DENIED"}  
[2026-04-15 12:24:13] local.DEBUG: Début création de fiche. Adresse : 3295 Chemin des Bouvreuils, Bã©Cancour, QC, Canada  
[2026-04-15 12:24:13] local.DEBUG: Appel API Geocoding : https://maps.googleapis.com/maps/api/geocode/json?address=3295+Chemin+des+Bouvreuils%2C+B%C3%A3%C2%A9Cancour%2C+QC%2C+Canada&key=AIzaSyBGG9KMwSfFPJ_-vipDANTSj6LB4TPFlk8  
[2026-04-15 12:24:14] local.ERROR: Erreur API Geocoding : {"error_message":"API keys with referer restrictions cannot be used with this API.","results":[],"status":"REQUEST_DENIED"}  
[2026-04-16 11:44:11] local.DEBUG: Début création de fiche. Adresse : 7 Rue St Gabriel, Saint-Stanislas-de-Champlain, QC, Canada  
[2026-04-16 11:44:11] local.DEBUG: Appel API Geocoding : https://maps.googleapis.com/maps/api/geocode/json?address=7+Rue+St+Gabriel%2C+Saint-Stanislas-de-Champlain%2C+QC%2C+Canada&key=AIzaSyBGG9KMwSfFPJ_-vipDANTSj6LB4TPFlk8  
[2026-04-16 11:44:11] local.ERROR: Erreur API Geocoding : {"error_message":"API keys with referer restrictions cannot be used with this API.","results":[],"status":"REQUEST_DENIED"}  
[2026-04-16 12:27:41] local.DEBUG: Début création de fiche. Adresse : 60 Rue Villeneuve, Saint-Léonard-d'Aston, QC, Canada  
[2026-04-16 12:27:41] local.DEBUG: Appel API Geocoding : https://maps.googleapis.com/maps/api/geocode/json?address=60+Rue+Villeneuve%2C+Saint-L%C3%A9onard-d%27Aston%2C+QC%2C+Canada&key=AIzaSyBGG9KMwSfFPJ_-vipDANTSj6LB4TPFlk8  
[2026-04-16 12:27:41] local.ERROR: Erreur API Geocoding : {"error_message":"API keys with referer restrictions cannot be used with this API.","results":[],"status":"REQUEST_DENIED"}  
[2026-04-16 15:54:00] local.DEBUG: Début création de fiche. Adresse : 2688 Chemin du Lac Fortier, Val-Morin, QC, Canada  
[2026-04-16 15:54:00] local.DEBUG: Appel API Geocoding : https://maps.googleapis.com/maps/api/geocode/json?address=2688+Chemin+du+Lac+Fortier%2C+Val-Morin%2C+QC%2C+Canada&key=AIzaSyBGG9KMwSfFPJ_-vipDANTSj6LB4TPFlk8  
[2026-04-16 15:54:00] local.ERROR: Erreur API Geocoding : {"error_message":"API keys with referer restrictions cannot be used with this API.","results":[],"status":"REQUEST_DENIED"}  
[2026-04-16 16:13:31] local.DEBUG: Début création de fiche. Adresse : 38 Avenue Fouquet, Candiac, QC, Canada  
[2026-04-16 16:13:31] local.DEBUG: Appel API Geocoding : https://maps.googleapis.com/maps/api/geocode/json?address=38+Avenue+Fouquet%2C+Candiac%2C+QC%2C+Canada&key=AIzaSyBGG9KMwSfFPJ_-vipDANTSj6LB4TPFlk8  
[2026-04-16 16:13:32] local.ERROR: Erreur API Geocoding : {"error_message":"API keys with referer restrictions cannot be used with this API.","results":[],"status":"REQUEST_DENIED"}  
[2026-04-17 13:47:37] local.DEBUG: Début création de fiche. Adresse : 525 Rue Principale, Saint-Étienne-des-Grès, QC, Canada  
[2026-04-17 13:47:37] local.DEBUG: Appel API Geocoding : https://maps.googleapis.com/maps/api/geocode/json?address=525+Rue+Principale%2C+Saint-%C3%89tienne-des-Gr%C3%A8s%2C+QC%2C+Canada&key=AIzaSyBGG9KMwSfFPJ_-vipDANTSj6LB4TPFlk8  
[2026-04-17 13:47:37] local.ERROR: Erreur API Geocoding : {"error_message":"API keys with referer restrictions cannot be used with this API.","results":[],"status":"REQUEST_DENIED"}  
[2026-04-17 15:54:04] local.DEBUG: Début création de fiche. Adresse : 1410 Croissant Samson, Brossard, QC, Canada  
[2026-04-17 15:54:04] local.DEBUG: Appel API Geocoding : https://maps.googleapis.com/maps/api/geocode/json?address=1410+Croissant+Samson%2C+Brossard%2C+QC%2C+Canada&key=AIzaSyBGG9KMwSfFPJ_-vipDANTSj6LB4TPFlk8  
[2026-04-17 15:54:04] local.ERROR: Erreur API Geocoding : {"error_message":"API keys with referer restrictions cannot be used with this API.","results":[],"status":"REQUEST_DENIED"}  
[2026-04-20 12:07:28] local.DEBUG: Début création de fiche. Adresse : 3285 Boulevard Saint-Jean, Trois-Rivières, QC, Canada  
[2026-04-20 12:07:28] local.DEBUG: Appel API Geocoding : https://maps.googleapis.com/maps/api/geocode/json?address=3285+Boulevard+Saint-Jean%2C+Trois-Rivi%C3%A8res%2C+QC%2C+Canada&key=AIzaSyBGG9KMwSfFPJ_-vipDANTSj6LB4TPFlk8  
[2026-04-20 12:07:29] local.ERROR: Erreur API Geocoding : {"error_message":"API keys with referer restrictions cannot be used with this API.","results":[],"status":"REQUEST_DENIED"}  
[2026-04-20 12:29:58] local.DEBUG: Début création de fiche. Adresse : 42 Rue Denis Caron, Trois-Rivières, QC, Canada  
[2026-04-20 12:29:58] local.DEBUG: Appel API Geocoding : https://maps.googleapis.com/maps/api/geocode/json?address=42+Rue+Denis+Caron%2C+Trois-Rivi%C3%A8res%2C+QC%2C+Canada&key=AIzaSyBGG9KMwSfFPJ_-vipDANTSj6LB4TPFlk8  
[2026-04-20 12:29:58] local.ERROR: Erreur API Geocoding : {"error_message":"API keys with referer restrictions cannot be used with this API.","results":[],"status":"REQUEST_DENIED"}  
[2026-04-20 13:04:21] local.DEBUG: Début création de fiche. Adresse : 360 201e Avenue, Saint-Georges, QC, Canada  
[2026-04-20 13:04:21] local.DEBUG: Appel API Geocoding : https://maps.googleapis.com/maps/api/geocode/json?address=360+201e+Avenue%2C+Saint-Georges%2C+QC%2C+Canada&key=AIzaSyBGG9KMwSfFPJ_-vipDANTSj6LB4TPFlk8  
[2026-04-20 13:04:22] local.ERROR: Erreur API Geocoding : {"error_message":"API keys with referer restrictions cannot be used with this API.","results":[],"status":"REQUEST_DENIED"}  
[2026-04-21 11:59:57] local.DEBUG: Début création de fiche. Adresse : 1552 Avenue Champlain, Shawinigan, QC, Canada  
[2026-04-21 11:59:57] local.DEBUG: Appel API Geocoding : https://maps.googleapis.com/maps/api/geocode/json?address=1552+Avenue+Champlain%2C+Shawinigan%2C+QC%2C+Canada&key=AIzaSyBGG9KMwSfFPJ_-vipDANTSj6LB4TPFlk8  
[2026-04-21 11:59:57] local.ERROR: Erreur API Geocoding : {"error_message":"API keys with referer restrictions cannot be used with this API.","results":[],"status":"REQUEST_DENIED"}  
[2026-04-21 15:22:49] local.DEBUG: Début création de fiche. Adresse : 3610 Rue Noisy, Brossard, QC, Canada  
[2026-04-21 15:22:49] local.DEBUG: Appel API Geocoding : https://maps.googleapis.com/maps/api/geocode/json?address=3610+Rue+Noisy%2C+Brossard%2C+QC%2C+Canada&key=AIzaSyBGG9KMwSfFPJ_-vipDANTSj6LB4TPFlk8  
[2026-04-21 15:22:50] local.ERROR: Erreur API Geocoding : {"error_message":"API keys with referer restrictions cannot be used with this API.","results":[],"status":"REQUEST_DENIED"}  
[2026-04-22 13:19:02] local.DEBUG: Début création de fiche. Adresse : 8155 Boul. Leduc, Brossard, QC, Canada  
[2026-04-22 13:19:02] local.DEBUG: Appel API Geocoding : https://maps.googleapis.com/maps/api/geocode/json?address=8155+Boul.+Leduc%2C+Brossard%2C+QC%2C+Canada&key=AIzaSyBGG9KMwSfFPJ_-vipDANTSj6LB4TPFlk8  
[2026-04-22 13:19:03] local.ERROR: Erreur API Geocoding : {"error_message":"API keys with referer restrictions cannot be used with this API.","results":[],"status":"REQUEST_DENIED"}  
[2026-04-23 11:26:27] local.DEBUG: Début création de fiche. Adresse : 1799 Rue de la Vérendrye, Trois-Rivières, QC, Canada  
[2026-04-23 11:26:27] local.DEBUG: Appel API Geocoding : https://maps.googleapis.com/maps/api/geocode/json?address=1799+Rue+de+la+V%C3%A9rendrye%2C+Trois-Rivi%C3%A8res%2C+QC%2C+Canada&key=AIzaSyBGG9KMwSfFPJ_-vipDANTSj6LB4TPFlk8  
[2026-04-23 11:26:28] local.ERROR: Erreur API Geocoding : {"error_message":"API keys with referer restrictions cannot be used with this API.","results":[],"status":"REQUEST_DENIED"}  
[2026-04-24 12:16:13] local.DEBUG: Début création de fiche. Adresse : 1482 Rue Pine, Mascouche, QC, Canada  
[2026-04-24 12:16:13] local.DEBUG: Appel API Geocoding : https://maps.googleapis.com/maps/api/geocode/json?address=1482+Rue+Pine%2C+Mascouche%2C+QC%2C+Canada&key=AIzaSyBGG9KMwSfFPJ_-vipDANTSj6LB4TPFlk8  
[2026-04-24 12:16:14] local.ERROR: Erreur API Geocoding : {"error_message":"API keys with referer restrictions cannot be used with this API.","results":[],"status":"REQUEST_DENIED"}  
[2026-04-25 13:10:56] local.DEBUG: Début création de fiche. Adresse : 540 Chemin Gémont, Saint-Adolphe-d'Howard, QC, Canada  
[2026-04-25 13:10:56] local.DEBUG: Appel API Geocoding : https://maps.googleapis.com/maps/api/geocode/json?address=540+Chemin+G%C3%A9mont%2C+Saint-Adolphe-d%27Howard%2C+QC%2C+Canada&key=AIzaSyBGG9KMwSfFPJ_-vipDANTSj6LB4TPFlk8  
[2026-04-25 13:10:56] local.ERROR: Erreur API Geocoding : {"error_message":"API keys with referer restrictions cannot be used with this API.","results":[],"status":"REQUEST_DENIED"}  
[2026-04-25 15:02:17] local.DEBUG: Début création de fiche. Adresse : 3986 Chemin Paiement, Lantier, QC, Canada  
[2026-04-25 15:02:17] local.DEBUG: Appel API Geocoding : https://maps.googleapis.com/maps/api/geocode/json?address=3986+Chemin+Paiement%2C+Lantier%2C+QC%2C+Canada&key=AIzaSyBGG9KMwSfFPJ_-vipDANTSj6LB4TPFlk8  
[2026-04-25 15:02:18] local.ERROR: Erreur API Geocoding : {"error_message":"API keys with referer restrictions cannot be used with this API.","results":[],"status":"REQUEST_DENIED"}  
[2026-04-27 00:19:45] local.DEBUG: Début création de fiche. Adresse : 6565 Rue Pinard, Brossard, QC, Canada  
[2026-04-27 00:19:45] local.DEBUG: Appel API Geocoding : https://maps.googleapis.com/maps/api/geocode/json?address=6565+Rue+Pinard%2C+Brossard%2C+QC%2C+Canada&key=AIzaSyBGG9KMwSfFPJ_-vipDANTSj6LB4TPFlk8  
[2026-04-27 00:19:46] local.ERROR: Erreur API Geocoding : {"error_message":"API keys with referer restrictions cannot be used with this API.","results":[],"status":"REQUEST_DENIED"}  
[2026-04-27 15:24:12] local.DEBUG: Début création de fiche. Adresse : 166 Rue Bergeron Est, Granby, QC, Canada  
[2026-04-27 15:24:12] local.DEBUG: Appel API Geocoding : https://maps.googleapis.com/maps/api/geocode/json?address=166+Rue+Bergeron+Est%2C+Granby%2C+QC%2C+Canada&key=AIzaSyBGG9KMwSfFPJ_-vipDANTSj6LB4TPFlk8  
[2026-04-27 15:24:12] local.ERROR: Erreur API Geocoding : {"error_message":"API keys with referer restrictions cannot be used with this API.","results":[],"status":"REQUEST_DENIED"}  
[2026-04-27 17:34:51] local.DEBUG: Début création de fiche. Adresse : 607 Rue du Charpentier, Bromont, QC, Canada  
[2026-04-27 17:34:51] local.DEBUG: Appel API Geocoding : https://maps.googleapis.com/maps/api/geocode/json?address=607+Rue+du+Charpentier%2C+Bromont%2C+QC%2C+Canada&key=AIzaSyBGG9KMwSfFPJ_-vipDANTSj6LB4TPFlk8  
[2026-04-27 17:34:51] local.ERROR: Erreur API Geocoding : {"error_message":"API keys with referer restrictions cannot be used with this API.","results":[],"status":"REQUEST_DENIED"}  
[2026-04-28 13:34:24] local.DEBUG: Début création de fiche. Adresse : 940 G 75 MKT  
[2026-04-28 13:34:24] local.DEBUG: Appel API Geocoding : https://maps.googleapis.com/maps/api/geocode/json?address=940+G+75+MKT&key=AIzaSyBGG9KMwSfFPJ_-vipDANTSj6LB4TPFlk8  
[2026-04-28 13:34:24] local.ERROR: Erreur API Geocoding : {"error_message":"API keys with referer restrictions cannot be used with this API.","results":[],"status":"REQUEST_DENIED"}  
[2026-04-28 17:53:06] local.DEBUG: Début création de fiche. Adresse : 7135 Boulevard Milan, Brossard, QC, Canada  
[2026-04-28 17:53:06] local.DEBUG: Appel API Geocoding : https://maps.googleapis.com/maps/api/geocode/json?address=7135+Boulevard+Milan%2C+Brossard%2C+QC%2C+Canada&key=AIzaSyBGG9KMwSfFPJ_-vipDANTSj6LB4TPFlk8  
[2026-04-28 17:53:06] local.ERROR: Erreur API Geocoding : {"error_message":"API keys with referer restrictions cannot be used with this API.","results":[],"status":"REQUEST_DENIED"}  
[2026-04-28 19:14:39] local.DEBUG: Début création de fiche. Adresse : 605 Rue de l'Escale, Brossard, QC, Canada  
[2026-04-28 19:14:39] local.DEBUG: Appel API Geocoding : https://maps.googleapis.com/maps/api/geocode/json?address=605+Rue+de+l%27Escale%2C+Brossard%2C+QC%2C+Canada&key=AIzaSyBGG9KMwSfFPJ_-vipDANTSj6LB4TPFlk8  
[2026-04-28 19:14:39] local.ERROR: Erreur API Geocoding : {"error_message":"API keys with referer restrictions cannot be used with this API.","results":[],"status":"REQUEST_DENIED"}  
[2026-04-29 15:57:30] local.DEBUG: Début création de fiche. Adresse : 2300 Boulevard Napoléon, Brossard, QC, Canada  
[2026-04-29 15:57:30] local.DEBUG: Appel API Geocoding : https://maps.googleapis.com/maps/api/geocode/json?address=2300+Boulevard+Napol%C3%A9on%2C+Brossard%2C+QC%2C+Canada&key=AIzaSyBGG9KMwSfFPJ_-vipDANTSj6LB4TPFlk8  
[2026-04-29 15:57:30] local.ERROR: Erreur API Geocoding : {"error_message":"API keys with referer restrictions cannot be used with this API.","results":[],"status":"REQUEST_DENIED"}  
[2026-04-30 10:37:06] local.DEBUG: Début création de fiche. Adresse : 3054 Rue Ovila-Hamel, Longueuil, QC, Canada  
[2026-04-30 10:37:06] local.DEBUG: Appel API Geocoding : https://maps.googleapis.com/maps/api/geocode/json?address=3054+Rue+Ovila-Hamel%2C+Longueuil%2C+QC%2C+Canada&key=AIzaSyBGG9KMwSfFPJ_-vipDANTSj6LB4TPFlk8  
[2026-04-30 10:37:06] local.ERROR: Erreur API Geocoding : {"error_message":"API keys with referer restrictions cannot be used with this API.","results":[],"status":"REQUEST_DENIED"}  
[2026-04-30 14:15:32] local.DEBUG: Début création de fiche. Adresse : 237 Rue Latreille, Trois-Rivières, QC, Canada  
[2026-04-30 14:15:32] local.DEBUG: Appel API Geocoding : https://maps.googleapis.com/maps/api/geocode/json?address=237+Rue+Latreille%2C+Trois-Rivi%C3%A8res%2C+QC%2C+Canada&key=AIzaSyBGG9KMwSfFPJ_-vipDANTSj6LB4TPFlk8  
[2026-04-30 14:15:33] local.ERROR: Erreur API Geocoding : {"error_message":"API keys with referer restrictions cannot be used with this API.","results":[],"status":"REQUEST_DENIED"}  
[2026-05-02 19:30:05] local.DEBUG: Début création de fiche. Adresse : 395 Rue Rock Provencher, Nicolet, QC, Canada  
[2026-05-02 19:30:05] local.DEBUG: Appel API Geocoding : https://maps.googleapis.com/maps/api/geocode/json?address=395+Rue+Rock+Provencher%2C+Nicolet%2C+QC%2C+Canada&key=AIzaSyBGG9KMwSfFPJ_-vipDANTSj6LB4TPFlk8  
[2026-05-02 19:30:05] local.ERROR: Erreur API Geocoding : {"error_message":"API keys with referer restrictions cannot be used with this API.","results":[],"status":"REQUEST_DENIED"}  
[2026-05-03 20:49:08] local.DEBUG: Début création de fiche. Adresse : 9 Rue Pépin, Trois-Rivières, QC, Canada  
[2026-05-03 20:49:08] local.DEBUG: Appel API Geocoding : https://maps.googleapis.com/maps/api/geocode/json?address=9+Rue+P%C3%A9pin%2C+Trois-Rivi%C3%A8res%2C+QC%2C+Canada&key=AIzaSyBGG9KMwSfFPJ_-vipDANTSj6LB4TPFlk8  
[2026-05-03 20:49:08] local.ERROR: Erreur API Geocoding : {"error_message":"API keys with referer restrictions cannot be used with this API.","results":[],"status":"REQUEST_DENIED"}  
[2026-05-04 15:36:33] local.DEBUG: Début création de fiche. Adresse : 17-19 Bellerive, Saint-Eustache  
[2026-05-04 15:36:33] local.DEBUG: Appel API Geocoding : https://maps.googleapis.com/maps/api/geocode/json?address=17-19+Bellerive%2C+Saint-Eustache&key=AIzaSyBGG9KMwSfFPJ_-vipDANTSj6LB4TPFlk8  
[2026-05-04 15:36:34] local.ERROR: Erreur API Geocoding : {"error_message":"API keys with referer restrictions cannot be used with this API.","results":[],"status":"REQUEST_DENIED"}  
[2026-05-06 14:36:56] local.DEBUG: Début création de fiche. Adresse : 7110 Rue Gabrielle-Roy, Trois-Rivières, QC, Canada  
[2026-05-06 14:36:56] local.DEBUG: Appel API Geocoding : https://maps.googleapis.com/maps/api/geocode/json?address=7110+Rue+Gabrielle-Roy%2C+Trois-Rivi%C3%A8res%2C+QC%2C+Canada&key=AIzaSyBGG9KMwSfFPJ_-vipDANTSj6LB4TPFlk8  
[2026-05-06 14:36:57] local.ERROR: Erreur API Geocoding : {"error_message":"API keys with referer restrictions cannot be used with this API.","results":[],"status":"REQUEST_DENIED"}  
[2026-05-06 18:10:22] local.DEBUG: Début création de fiche. Adresse : 38 18e Avenue, Deux-Montagnes, QC, Canada  
[2026-05-06 18:10:22] local.DEBUG: Appel API Geocoding : https://maps.googleapis.com/maps/api/geocode/json?address=38+18e+Avenue%2C+Deux-Montagnes%2C+QC%2C+Canada&key=AIzaSyBGG9KMwSfFPJ_-vipDANTSj6LB4TPFlk8  
[2026-05-06 18:10:22] local.ERROR: Erreur API Geocoding : {"error_message":"API keys with referer restrictions cannot be used with this API.","results":[],"status":"REQUEST_DENIED"}  
[2026-05-07 13:03:56] local.DEBUG: Début création de fiche. Adresse : 2987 Rue du Mirage, Sainte-Marthe-sur-le-Lac, QC, Canada  
[2026-05-07 13:03:56] local.DEBUG: Appel API Geocoding : https://maps.googleapis.com/maps/api/geocode/json?address=2987+Rue+du+Mirage%2C+Sainte-Marthe-sur-le-Lac%2C+QC%2C+Canada&key=AIzaSyBGG9KMwSfFPJ_-vipDANTSj6LB4TPFlk8  
[2026-05-07 13:03:56] local.ERROR: Erreur API Geocoding : {"error_message":"API keys with referer restrictions cannot be used with this API.","results":[],"status":"REQUEST_DENIED"}  
[2026-05-08 11:25:20] local.DEBUG: Début création de fiche. Adresse : 8050 Boulevard du St Laurent, Brossard, QC, Canada  
[2026-05-08 11:25:20] local.DEBUG: Appel API Geocoding : https://maps.googleapis.com/maps/api/geocode/json?address=8050+Boulevard+du+St+Laurent%2C+Brossard%2C+QC%2C+Canada&key=AIzaSyBGG9KMwSfFPJ_-vipDANTSj6LB4TPFlk8  
[2026-05-08 11:25:20] local.ERROR: Erreur API Geocoding : {"error_message":"API keys with referer restrictions cannot be used with this API.","results":[],"status":"REQUEST_DENIED"}  
[2026-05-11 14:36:22] local.DEBUG: Début création de fiche. Adresse : 1237 103e Avenue, Shawinigan-Sud, QC, Canada  
[2026-05-11 14:36:22] local.DEBUG: Appel API Geocoding : https://maps.googleapis.com/maps/api/geocode/json?address=1237+103e+Avenue%2C+Shawinigan-Sud%2C+QC%2C+Canada&key=AIzaSyBGG9KMwSfFPJ_-vipDANTSj6LB4TPFlk8  
[2026-05-11 14:36:22] local.ERROR: Erreur API Geocoding : {"error_message":"API keys with referer restrictions cannot be used with this API.","results":[],"status":"REQUEST_DENIED"}  
[2026-05-13 18:35:20] local.DEBUG: Début création de fiche. Adresse : 1492 Place de la Fontaine, Trois-Rivières, QC, Canada  
[2026-05-13 18:35:20] local.DEBUG: Appel API Geocoding : https://maps.googleapis.com/maps/api/geocode/json?address=1492+Place+de+la+Fontaine%2C+Trois-Rivi%C3%A8res%2C+QC%2C+Canada&key=AIzaSyBGG9KMwSfFPJ_-vipDANTSj6LB4TPFlk8  
[2026-05-13 18:35:21] local.ERROR: Erreur API Geocoding : {"error_message":"API keys with referer restrictions cannot be used with this API.","results":[],"status":"REQUEST_DENIED"}  
[2026-05-13 23:06:21] local.DEBUG: Début création de fiche. Adresse : 2338 Rue Poitras #2336, Jonquière, QC, Canada  
[2026-05-13 23:06:21] local.DEBUG: Appel API Geocoding : https://maps.googleapis.com/maps/api/geocode/json?address=2338+Rue+Poitras+%232336%2C+Jonqui%C3%A8re%2C+QC%2C+Canada&key=AIzaSyBGG9KMwSfFPJ_-vipDANTSj6LB4TPFlk8  
[2026-05-13 23:06:21] local.ERROR: Erreur API Geocoding : {"error_message":"API keys with referer restrictions cannot be used with this API.","results":[],"status":"REQUEST_DENIED"}  
[2026-05-14 13:11:31] local.DEBUG: Début création de fiche. Adresse : 25 Rue des Sorbiers, Bromont, QC, Canada  
[2026-05-14 13:11:31] local.DEBUG: Appel API Geocoding : https://maps.googleapis.com/maps/api/geocode/json?address=25+Rue+des+Sorbiers%2C+Bromont%2C+QC%2C+Canada&key=AIzaSyBGG9KMwSfFPJ_-vipDANTSj6LB4TPFlk8  
[2026-05-14 13:11:32] local.ERROR: Erreur API Geocoding : {"error_message":"API keys with referer restrictions cannot be used with this API.","results":[],"status":"REQUEST_DENIED"}  
[2026-05-19 04:10:45] local.DEBUG: Début création de fiche. Adresse : 3119 Avenue Malo, Brossard, QC, Canada  
[2026-05-19 04:10:45] local.DEBUG: Appel API Geocoding : https://maps.googleapis.com/maps/api/geocode/json?address=3119+Avenue+Malo%2C+Brossard%2C+QC%2C+Canada&key=AIzaSyBGG9KMwSfFPJ_-vipDANTSj6LB4TPFlk8  
[2026-05-19 04:10:46] local.ERROR: Erreur API Geocoding : {"error_message":"API keys with referer restrictions cannot be used with this API.","results":[],"status":"REQUEST_DENIED"}  
[2026-05-19 11:58:47] local.DEBUG: Début création de fiche. Adresse : 1810 Rue Therrien, Brossard, QC, Canada  
[2026-05-19 11:58:47] local.DEBUG: Appel API Geocoding : https://maps.googleapis.com/maps/api/geocode/json?address=1810+Rue+Therrien%2C+Brossard%2C+QC%2C+Canada&key=AIzaSyBGG9KMwSfFPJ_-vipDANTSj6LB4TPFlk8  
[2026-05-19 11:58:48] local.ERROR: Erreur API Geocoding : {"error_message":"API keys with referer restrictions cannot be used with this API.","results":[],"status":"REQUEST_DENIED"}  
[2026-05-19 13:18:15] local.DEBUG: Début création de fiche. Adresse : 7 Rue Louis-Guillet, Batiscan, QC, Canada  
[2026-05-19 13:18:15] local.DEBUG: Appel API Geocoding : https://maps.googleapis.com/maps/api/geocode/json?address=7+Rue+Louis-Guillet%2C+Batiscan%2C+QC%2C+Canada&key=AIzaSyBGG9KMwSfFPJ_-vipDANTSj6LB4TPFlk8  
[2026-05-19 13:18:15] local.ERROR: Erreur API Geocoding : {"error_message":"API keys with referer restrictions cannot be used with this API.","results":[],"status":"REQUEST_DENIED"}  
[2026-05-19 19:02:43] local.DEBUG: Début création de fiche. Adresse : 3498 Route 155, Trois-Rives, QC, Canada  
[2026-05-19 19:02:43] local.DEBUG: Appel API Geocoding : https://maps.googleapis.com/maps/api/geocode/json?address=3498+Route+155%2C+Trois-Rives%2C+QC%2C+Canada&key=AIzaSyBGG9KMwSfFPJ_-vipDANTSj6LB4TPFlk8  
[2026-05-19 19:02:43] local.ERROR: Erreur API Geocoding : {"error_message":"API keys with referer restrictions cannot be used with this API.","results":[],"status":"REQUEST_DENIED"}  
[2026-05-20 11:12:50] local.DEBUG: Début création de fiche. Adresse : 8150 Rue de Londres, Brossard, QC, Canada  
[2026-05-20 11:12:50] local.DEBUG: Appel API Geocoding : https://maps.googleapis.com/maps/api/geocode/json?address=8150+Rue+de+Londres%2C+Brossard%2C+QC%2C+Canada&key=AIzaSyBGG9KMwSfFPJ_-vipDANTSj6LB4TPFlk8  
[2026-05-20 11:12:50] local.ERROR: Erreur API Geocoding : {"error_message":"API keys with referer restrictions cannot be used with this API.","results":[],"status":"REQUEST_DENIED"}  
[2026-05-20 12:26:53] local.DEBUG: Début création de fiche. Adresse : 399 Rue Maisonneuve, Saint-Hubert, QC, Canada  
[2026-05-20 12:26:53] local.DEBUG: Appel API Geocoding : https://maps.googleapis.com/maps/api/geocode/json?address=399+Rue+Maisonneuve%2C+Saint-Hubert%2C+QC%2C+Canada&key=AIzaSyBGG9KMwSfFPJ_-vipDANTSj6LB4TPFlk8  
[2026-05-20 12:26:53] local.ERROR: Erreur API Geocoding : {"error_message":"API keys with referer restrictions cannot be used with this API.","results":[],"status":"REQUEST_DENIED"}  
[2026-05-20 12:26:53] local.DEBUG: Début création de fiche. Adresse : 399 Rue Maisonneuve, Saint-Hubert, QC, Canada  
[2026-05-20 12:26:53] local.DEBUG: Appel API Geocoding : https://maps.googleapis.com/maps/api/geocode/json?address=399+Rue+Maisonneuve%2C+Saint-Hubert%2C+QC%2C+Canada&key=AIzaSyBGG9KMwSfFPJ_-vipDANTSj6LB4TPFlk8  
[2026-05-20 12:26:53] local.ERROR: Erreur API Geocoding : {"error_message":"API keys with referer restrictions cannot be used with this API.","results":[],"status":"REQUEST_DENIED"}  
[2026-05-21 19:15:53] local.DEBUG: Début création de fiche. Adresse : 1805 Av. de la Volière, Laval, QC, Canada  
[2026-05-21 19:15:53] local.DEBUG: Appel API Geocoding : https://maps.googleapis.com/maps/api/geocode/json?address=1805+Av.+de+la+Voli%C3%A8re%2C+Laval%2C+QC%2C+Canada&key=AIzaSyBGG9KMwSfFPJ_-vipDANTSj6LB4TPFlk8  
[2026-05-21 19:15:54] local.ERROR: Erreur API Geocoding : {"error_message":"API keys with referer restrictions cannot be used with this API.","results":[],"status":"REQUEST_DENIED"}  
[2026-05-22 15:51:35] local.DEBUG: Début création de fiche. Adresse : 79 Chemin du Lac Hughes Ouest, Gore, QC, Canada  
[2026-05-22 15:51:35] local.DEBUG: Appel API Geocoding : https://maps.googleapis.com/maps/api/geocode/json?address=79+Chemin+du+Lac+Hughes+Ouest%2C+Gore%2C+QC%2C+Canada&key=AIzaSyBGG9KMwSfFPJ_-vipDANTSj6LB4TPFlk8  
[2026-05-22 15:51:35] local.ERROR: Erreur API Geocoding : {"error_message":"API keys with referer restrictions cannot be used with this API.","results":[],"status":"REQUEST_DENIED"}  
[2026-05-22 16:47:09] local.DEBUG: Début création de fiche. Adresse : 1170 Avenue Graziella-Dumaine, Shawinigan-Sud, QC, Canada  
[2026-05-22 16:47:09] local.DEBUG: Appel API Geocoding : https://maps.googleapis.com/maps/api/geocode/json?address=1170+Avenue+Graziella-Dumaine%2C+Shawinigan-Sud%2C+QC%2C+Canada&key=AIzaSyBGG9KMwSfFPJ_-vipDANTSj6LB4TPFlk8  
[2026-05-22 16:47:09] local.ERROR: Erreur API Geocoding : {"error_message":"API keys with referer restrictions cannot be used with this API.","results":[],"status":"REQUEST_DENIED"}  
[2026-05-22 23:05:56] local.DEBUG: Début création de fiche. Adresse : 110 Chemin Scraire, Mille-Isles, QC, Canada  
[2026-05-22 23:05:56] local.DEBUG: Appel API Geocoding : https://maps.googleapis.com/maps/api/geocode/json?address=110+Chemin+Scraire%2C+Mille-Isles%2C+QC%2C+Canada&key=AIzaSyBGG9KMwSfFPJ_-vipDANTSj6LB4TPFlk8  
[2026-05-22 23:05:56] local.ERROR: Erreur API Geocoding : {"error_message":"API keys with referer restrictions cannot be used with this API.","results":[],"status":"REQUEST_DENIED"}  
[2026-05-23 00:18:15] local.ERROR: Allowed memory size of 1073741824 bytes exhausted (tried to allocate 154125408 bytes) {"userId":112,"exception":"[object] (Symfony\\Component\\Debug\\Exception\\FatalErrorException(code: 1): Allowed memory size of 1073741824 bytes exhausted (tried to allocate 154125408 bytes) at /home/lemaycon/app.lemayconsulting.com/vendor/daltcore/lara-pdf-merger/src/LynX39/LaraPdfMerger/tcpdf/tcpdf.php:20668)
[stacktrace]
#0 {main}
"} 
[2026-05-23 00:20:27] local.ERROR: Allowed memory size of 1073741824 bytes exhausted (tried to allocate 154125408 bytes) {"userId":112,"exception":"[object] (Symfony\\Component\\Debug\\Exception\\FatalErrorException(code: 1): Allowed memory size of 1073741824 bytes exhausted (tried to allocate 154125408 bytes) at /home/lemaycon/app.lemayconsulting.com/vendor/daltcore/lara-pdf-merger/src/LynX39/LaraPdfMerger/tcpdf/tcpdf.php:20668)
[stacktrace]
#0 {main}
"} 
[2026-05-23 00:20:56] local.ERROR: Allowed memory size of 1073741824 bytes exhausted (tried to allocate 145411232 bytes) {"userId":112,"exception":"[object] (Symfony\\Component\\Debug\\Exception\\FatalErrorException(code: 1): Allowed memory size of 1073741824 bytes exhausted (tried to allocate 145411232 bytes) at /home/lemaycon/app.lemayconsulting.com/vendor/daltcore/lara-pdf-merger/src/LynX39/LaraPdfMerger/tcpdf/tcpdf.php:10282)
[stacktrace]
#0 {main}
"} 
[2026-05-23 01:34:36] local.DEBUG: Début création de fiche. Adresse : 1485 Rue du Manège, Sainte-Adèle, QC, Canada  
[2026-05-23 01:34:36] local.DEBUG: Appel API Geocoding : https://maps.googleapis.com/maps/api/geocode/json?address=1485+Rue+du+Man%C3%A8ge%2C+Sainte-Ad%C3%A8le%2C+QC%2C+Canada&key=AIzaSyBGG9KMwSfFPJ_-vipDANTSj6LB4TPFlk8  
[2026-05-23 01:34:36] local.ERROR: Erreur API Geocoding : {"error_message":"API keys with referer restrictions cannot be used with this API.","results":[],"status":"REQUEST_DENIED"}  
[2026-05-25 14:24:33] local.DEBUG: Début création de fiche. Adresse : 14645 Rue des Mahonias, Bã©Cancour, QC, Canada  
[2026-05-25 14:24:33] local.DEBUG: Appel API Geocoding : https://maps.googleapis.com/maps/api/geocode/json?address=14645+Rue+des+Mahonias%2C+B%C3%A3%C2%A9Cancour%2C+QC%2C+Canada&key=AIzaSyBGG9KMwSfFPJ_-vipDANTSj6LB4TPFlk8  
[2026-05-25 14:24:33] local.ERROR: Erreur API Geocoding : {"error_message":"API keys with referer restrictions cannot be used with this API.","results":[],"status":"REQUEST_DENIED"}  
[2026-05-27 13:45:01] local.DEBUG: Début création de fiche. Adresse : 75 Chemin des Mouettes, Sainte-Anne-des-Lacs, QC, Canada  
[2026-05-27 13:45:01] local.DEBUG: Appel API Geocoding : https://maps.googleapis.com/maps/api/geocode/json?address=75+Chemin+des+Mouettes%2C+Sainte-Anne-des-Lacs%2C+QC%2C+Canada&key=AIzaSyBGG9KMwSfFPJ_-vipDANTSj6LB4TPFlk8  
[2026-05-27 13:45:01] local.ERROR: Erreur API Geocoding : {"error_message":"API keys with referer restrictions cannot be used with this API.","results":[],"status":"REQUEST_DENIED"}  
[2026-05-28 17:39:19] local.DEBUG: Début création de fiche. Adresse : 2 Rue des Bouleaux, Bromont, QC, Canada  
[2026-05-28 17:39:19] local.DEBUG: Appel API Geocoding : https://maps.googleapis.com/maps/api/geocode/json?address=2+Rue+des+Bouleaux%2C+Bromont%2C+QC%2C+Canada&key=AIzaSyBGG9KMwSfFPJ_-vipDANTSj6LB4TPFlk8  
[2026-05-28 17:39:19] local.ERROR: Erreur API Geocoding : {"error_message":"API keys with referer restrictions cannot be used with this API.","results":[],"status":"REQUEST_DENIED"}  
[2026-05-28 19:26:55] local.DEBUG: Début création de fiche. Adresse : 1435 Rue Gilles Lupien, Trois-Rivières, QC, Canada  
[2026-05-28 19:26:55] local.DEBUG: Appel API Geocoding : https://maps.googleapis.com/maps/api/geocode/json?address=1435+Rue+Gilles+Lupien%2C+Trois-Rivi%C3%A8res%2C+QC%2C+Canada&key=AIzaSyBGG9KMwSfFPJ_-vipDANTSj6LB4TPFlk8  
[2026-05-28 19:26:56] local.ERROR: Erreur API Geocoding : {"error_message":"API keys with referer restrictions cannot be used with this API.","results":[],"status":"REQUEST_DENIED"}  
[2026-05-28 20:09:29] local.DEBUG: Début création de fiche. Adresse : 8665 Rue Offenbach, Brossard, QC, Canada  
[2026-05-28 20:09:29] local.DEBUG: Appel API Geocoding : https://maps.googleapis.com/maps/api/geocode/json?address=8665+Rue+Offenbach%2C+Brossard%2C+QC%2C+Canada&key=AIzaSyBGG9KMwSfFPJ_-vipDANTSj6LB4TPFlk8  
[2026-05-28 20:09:29] local.ERROR: Erreur API Geocoding : {"error_message":"API keys with referer restrictions cannot be used with this API.","results":[],"status":"REQUEST_DENIED"}  
[2026-05-29 15:15:28] local.DEBUG: Début création de fiche. Adresse : 1000 Rue Guy-Boisclair, Trois-Rivières, QC, Canada  
[2026-05-29 15:15:28] local.DEBUG: Appel API Geocoding : https://maps.googleapis.com/maps/api/geocode/json?address=1000+Rue+Guy-Boisclair%2C+Trois-Rivi%C3%A8res%2C+QC%2C+Canada&key=AIzaSyBGG9KMwSfFPJ_-vipDANTSj6LB4TPFlk8  
[2026-05-29 15:15:28] local.ERROR: Erreur API Geocoding : {"error_message":"API keys with referer restrictions cannot be used with this API.","results":[],"status":"REQUEST_DENIED"}  
[2026-06-01 19:37:42] local.DEBUG: Début création de fiche. Adresse : 90 Av. Louise, Saint-Sauveur, QC, Canada  
[2026-06-01 19:37:42] local.DEBUG: Appel API Geocoding : https://maps.googleapis.com/maps/api/geocode/json?address=90+Av.+Louise%2C+Saint-Sauveur%2C+QC%2C+Canada&key=AIzaSyBGG9KMwSfFPJ_-vipDANTSj6LB4TPFlk8  
[2026-06-01 19:37:43] local.ERROR: Erreur API Geocoding : {"error_message":"API keys with referer restrictions cannot be used with this API.","results":[],"status":"REQUEST_DENIED"}  
[2026-06-02 19:06:26] local.DEBUG: Début création de fiche. Adresse : 843 Rue Cartier, Roxton Pond, QC, Canada  
[2026-06-02 19:06:26] local.DEBUG: Appel API Geocoding : https://maps.googleapis.com/maps/api/geocode/json?address=843+Rue+Cartier%2C+Roxton+Pond%2C+QC%2C+Canada&key=AIzaSyBGG9KMwSfFPJ_-vipDANTSj6LB4TPFlk8  
[2026-06-02 19:06:26] local.ERROR: Erreur API Geocoding : {"error_message":"API keys with referer restrictions cannot be used with this API.","results":[],"status":"REQUEST_DENIED"}  
[2026-06-03 14:53:47] local.DEBUG: Début création de fiche. Adresse : 30 Avenue Dompierre, Candiac, QC, Canada  
[2026-06-03 14:53:47] local.DEBUG: Appel API Geocoding : https://maps.googleapis.com/maps/api/geocode/json?address=30+Avenue+Dompierre%2C+Candiac%2C+QC%2C+Canada&key=AIzaSyBGG9KMwSfFPJ_-vipDANTSj6LB4TPFlk8  
[2026-06-03 14:53:47] local.ERROR: Erreur API Geocoding : {"error_message":"API keys with referer restrictions cannot be used with this API.","results":[],"status":"REQUEST_DENIED"}  
[2026-06-04 04:14:56] local.DEBUG: Début création de fiche. Adresse : 3720 Rue Ovide, Brossard, QC, Canada  
[2026-06-04 04:14:56] local.DEBUG: Appel API Geocoding : https://maps.googleapis.com/maps/api/geocode/json?address=3720+Rue+Ovide%2C+Brossard%2C+QC%2C+Canada&key=AIzaSyBGG9KMwSfFPJ_-vipDANTSj6LB4TPFlk8  
[2026-06-04 04:14:57] local.ERROR: Erreur API Geocoding : {"error_message":"API keys with referer restrictions cannot be used with this API.","results":[],"status":"REQUEST_DENIED"}  
[2026-06-04 12:59:02] local.DEBUG: Début création de fiche. Adresse : 1465 Rue Claude-Michel-Bégon, Trois-Rivières, QC, Canada  
[2026-06-04 12:59:02] local.DEBUG: Appel API Geocoding : https://maps.googleapis.com/maps/api/geocode/json?address=1465+Rue+Claude-Michel-B%C3%A9gon%2C+Trois-Rivi%C3%A8res%2C+QC%2C+Canada&key=AIzaSyBGG9KMwSfFPJ_-vipDANTSj6LB4TPFlk8  
[2026-06-04 12:59:02] local.ERROR: Erreur API Geocoding : {"error_message":"API keys with referer restrictions cannot be used with this API.","results":[],"status":"REQUEST_DENIED"}  
[2026-06-05 14:32:34] local.DEBUG: Début création de fiche. Adresse : 1202 Rue des Érables, Shawinigan, QC, Canada  
[2026-06-05 14:32:34] local.DEBUG: Appel API Geocoding : https://maps.googleapis.com/maps/api/geocode/json?address=1202+Rue+des+%C3%89rables%2C+Shawinigan%2C+QC%2C+Canada&key=AIzaSyBGG9KMwSfFPJ_-vipDANTSj6LB4TPFlk8  
[2026-06-05 14:32:34] local.ERROR: Erreur API Geocoding : {"error_message":"API keys with referer restrictions cannot be used with this API.","results":[],"status":"REQUEST_DENIED"}  
[2026-06-05 21:22:53] local.DEBUG: Début création de fiche. Adresse : 3175 Rue Marlequin, Brossard, QC, Canada  
[2026-06-05 21:22:53] local.DEBUG: Appel API Geocoding : https://maps.googleapis.com/maps/api/geocode/json?address=3175+Rue+Marlequin%2C+Brossard%2C+QC%2C+Canada&key=AIzaSyBGG9KMwSfFPJ_-vipDANTSj6LB4TPFlk8  
[2026-06-05 21:22:54] local.ERROR: Erreur API Geocoding : {"error_message":"API keys with referer restrictions cannot be used with this API.","results":[],"status":"REQUEST_DENIED"}  
[2026-06-08 14:17:49] local.DEBUG: Début création de fiche. Adresse : 537 Rue du Charpentier, Bromont, QC, Canada  
[2026-06-08 14:17:49] local.DEBUG: Appel API Geocoding : https://maps.googleapis.com/maps/api/geocode/json?address=537+Rue+du+Charpentier%2C+Bromont%2C+QC%2C+Canada&key=AIzaSyBGG9KMwSfFPJ_-vipDANTSj6LB4TPFlk8  
[2026-06-08 14:17:49] local.ERROR: Erreur API Geocoding : {"error_message":"API keys with referer restrictions cannot be used with this API.","results":[],"status":"REQUEST_DENIED"}  
[2026-06-09 00:02:14] local.DEBUG: Début création de fiche. Adresse : 1440 Avenue de Louisbourg, Bécancour, QC, Canada  
[2026-06-09 00:02:14] local.DEBUG: Appel API Geocoding : https://maps.googleapis.com/maps/api/geocode/json?address=1440+Avenue+de+Louisbourg%2C+B%C3%A9cancour%2C+QC%2C+Canada&key=AIzaSyBGG9KMwSfFPJ_-vipDANTSj6LB4TPFlk8  
[2026-06-09 00:02:15] local.ERROR: Erreur API Geocoding : {"error_message":"API keys with referer restrictions cannot be used with this API.","results":[],"status":"REQUEST_DENIED"}  
[2026-06-10 10:59:14] local.DEBUG: Début création de fiche. Adresse : 6675 Rue Beaune, Brossard, QC, Canada  
[2026-06-10 10:59:14] local.DEBUG: Appel API Geocoding : https://maps.googleapis.com/maps/api/geocode/json?address=6675+Rue+Beaune%2C+Brossard%2C+QC%2C+Canada&key=AIzaSyBGG9KMwSfFPJ_-vipDANTSj6LB4TPFlk8  
[2026-06-10 10:59:14] local.ERROR: Erreur API Geocoding : {"error_message":"API keys with referer restrictions cannot be used with this API.","results":[],"status":"REQUEST_DENIED"}  
[2026-06-10 16:14:24] local.DEBUG: Début création de fiche. Adresse : 8120 Boulevard du St Laurent, Brossard, QC, Canada  
[2026-06-10 16:14:24] local.DEBUG: Appel API Geocoding : https://maps.googleapis.com/maps/api/geocode/json?address=8120+Boulevard+du+St+Laurent%2C+Brossard%2C+QC%2C+Canada&key=AIzaSyBGG9KMwSfFPJ_-vipDANTSj6LB4TPFlk8  
[2026-06-10 16:14:24] local.ERROR: Erreur API Geocoding : {"error_message":"API keys with referer restrictions cannot be used with this API.","results":[],"status":"REQUEST_DENIED"}  
[2026-06-11 13:48:37] local.DEBUG: Début création de fiche. Adresse : 2710 Place Alfred, Brossard, QC, Canada  
[2026-06-11 13:48:37] local.DEBUG: Appel API Geocoding : https://maps.googleapis.com/maps/api/geocode/json?address=2710+Place+Alfred%2C+Brossard%2C+QC%2C+Canada&key=AIzaSyBGG9KMwSfFPJ_-vipDANTSj6LB4TPFlk8  
[2026-06-11 13:48:37] local.ERROR: Erreur API Geocoding : {"error_message":"API keys with referer restrictions cannot be used with this API.","results":[],"status":"REQUEST_DENIED"}  
[2026-06-17 18:27:30] local.DEBUG: Début création de fiche. Adresse : 277 Rue François Duclos, Trois-Rivières, QC, Canada  
[2026-06-17 18:27:30] local.DEBUG: Appel API Geocoding : https://maps.googleapis.com/maps/api/geocode/json?address=277+Rue+Fran%C3%A7ois+Duclos%2C+Trois-Rivi%C3%A8res%2C+QC%2C+Canada&key=AIzaSyBGG9KMwSfFPJ_-vipDANTSj6LB4TPFlk8  
[2026-06-17 18:27:30] local.ERROR: Erreur API Geocoding : {"error_message":"API keys with referer restrictions cannot be used with this API.","results":[],"status":"REQUEST_DENIED"}  
[2026-06-17 19:04:54] local.DEBUG: Début création de fiche. Adresse : 874 Chemin du Lac Connelly, Saint-Hippolyte, QC, Canada  
[2026-06-17 19:04:54] local.DEBUG: Appel API Geocoding : https://maps.googleapis.com/maps/api/geocode/json?address=874+Chemin+du+Lac+Connelly%2C+Saint-Hippolyte%2C+QC%2C+Canada&key=AIzaSyBGG9KMwSfFPJ_-vipDANTSj6LB4TPFlk8  
[2026-06-17 19:04:54] local.ERROR: Erreur API Geocoding : {"error_message":"API keys with referer restrictions cannot be used with this API.","results":[],"status":"REQUEST_DENIED"}  
[2026-06-17 19:10:38] local.DEBUG: Début création de fiche. Adresse : 4100 Chemin des Bouvreuils, Bã©Cancour, QC, Canada  
[2026-06-17 19:10:38] local.DEBUG: Appel API Geocoding : https://maps.googleapis.com/maps/api/geocode/json?address=4100+Chemin+des+Bouvreuils%2C+B%C3%A3%C2%A9Cancour%2C+QC%2C+Canada&key=AIzaSyBGG9KMwSfFPJ_-vipDANTSj6LB4TPFlk8  
[2026-06-17 19:10:39] local.ERROR: Erreur API Geocoding : {"error_message":"API keys with referer restrictions cannot be used with this API.","results":[],"status":"REQUEST_DENIED"}  
[2026-06-19 13:01:32] local.DEBUG: Début création de fiche. Adresse : 5095 Rue Blain, Trois-Rivières, QC, Canada  
[2026-06-19 13:01:32] local.DEBUG: Appel API Geocoding : https://maps.googleapis.com/maps/api/geocode/json?address=5095+Rue+Blain%2C+Trois-Rivi%C3%A8res%2C+QC%2C+Canada&key=AIzaSyBGG9KMwSfFPJ_-vipDANTSj6LB4TPFlk8  
[2026-06-19 13:01:32] local.ERROR: Erreur API Geocoding : {"error_message":"API keys with referer restrictions cannot be used with this API.","results":[],"status":"REQUEST_DENIED"}  
[2026-06-19 13:24:39] local.DEBUG: Début création de fiche. Adresse : 953 Place Soulanges, Brossard, QC J4X 1L8, Canada  
[2026-06-19 13:24:39] local.DEBUG: Appel API Geocoding : https://maps.googleapis.com/maps/api/geocode/json?address=953+Place+Soulanges%2C+Brossard%2C+QC+J4X+1L8%2C+Canada&key=AIzaSyBGG9KMwSfFPJ_-vipDANTSj6LB4TPFlk8  
[2026-06-19 13:24:40] local.ERROR: Erreur API Geocoding : {"error_message":"API keys with referer restrictions cannot be used with this API.","results":[],"status":"REQUEST_DENIED"}  
[2026-06-19 14:11:49] local.DEBUG: Début création de fiche. Adresse : 7000 Rue Messier, Brossard, QC J4Y 1X7, Canada  
[2026-06-19 14:11:49] local.DEBUG: Appel API Geocoding : https://maps.googleapis.com/maps/api/geocode/json?address=7000+Rue+Messier%2C+Brossard%2C+QC+J4Y+1X7%2C+Canada&key=AIzaSyBGG9KMwSfFPJ_-vipDANTSj6LB4TPFlk8  
[2026-06-19 14:11:49] local.ERROR: Erreur API Geocoding : {"error_message":"API keys with referer restrictions cannot be used with this API.","results":[],"status":"REQUEST_DENIED"}  
[2026-06-22 13:42:21] local.DEBUG: Début création de fiche. Adresse : 92 Rue de Joliette, Bromont, QC, Canada  
[2026-06-22 13:42:21] local.DEBUG: Appel API Geocoding : https://maps.googleapis.com/maps/api/geocode/json?address=92+Rue+de+Joliette%2C+Bromont%2C+QC%2C+Canada&key=AIzaSyBGG9KMwSfFPJ_-vipDANTSj6LB4TPFlk8  
[2026-06-22 13:42:22] local.ERROR: Erreur API Geocoding : {"error_message":"API keys with referer restrictions cannot be used with this API.","results":[],"status":"REQUEST_DENIED"}  
[2026-06-22 18:20:00] local.DEBUG: Début création de fiche. Adresse : 964 Croissant Rainville, Brossard, QC, Canada  
[2026-06-22 18:20:00] local.DEBUG: Appel API Geocoding : https://maps.googleapis.com/maps/api/geocode/json?address=964+Croissant+Rainville%2C+Brossard%2C+QC%2C+Canada&key=AIzaSyBGG9KMwSfFPJ_-vipDANTSj6LB4TPFlk8  
[2026-06-22 18:20:00] local.ERROR: Erreur API Geocoding : {"error_message":"API keys with referer restrictions cannot be used with this API.","results":[],"status":"REQUEST_DENIED"}  
[2026-06-23 13:32:34] local.DEBUG: Début création de fiche. Adresse : 6190 Rue de Lusa app 6, Brossard, QC, Canada  
[2026-06-23 13:32:34] local.DEBUG: Appel API Geocoding : https://maps.googleapis.com/maps/api/geocode/json?address=6190+Rue+de+Lusa+app+6%2C+Brossard%2C+QC%2C+Canada&key=AIzaSyBGG9KMwSfFPJ_-vipDANTSj6LB4TPFlk8  
[2026-06-23 13:32:35] local.ERROR: Erreur API Geocoding : {"error_message":"API keys with referer restrictions cannot be used with this API.","results":[],"status":"REQUEST_DENIED"}  
[2026-06-24 20:22:43] local.DEBUG: Début création de fiche. Adresse : 71 Av. Laurendeau, Montréal-Est, QC H1B 4Y5, Canada  
[2026-06-24 20:22:43] local.DEBUG: Appel API Geocoding : https://maps.googleapis.com/maps/api/geocode/json?address=71+Av.+Laurendeau%2C+Montr%C3%A9al-Est%2C+QC+H1B+4Y5%2C+Canada&key=AIzaSyBGG9KMwSfFPJ_-vipDANTSj6LB4TPFlk8  
[2026-06-24 20:22:43] local.ERROR: Erreur API Geocoding : {"error_message":"API keys with referer restrictions cannot be used with this API.","results":[],"status":"REQUEST_DENIED"}  
[2026-06-24 21:57:54] local.ERROR: Allowed memory size of 1073741824 bytes exhausted (tried to allocate 335923232 bytes) {"userId":119,"exception":"[object] (Symfony\\Component\\Debug\\Exception\\FatalErrorException(code: 1): Allowed memory size of 1073741824 bytes exhausted (tried to allocate 335923232 bytes) at /home/lemaycon/app.lemayconsulting.com/vendor/daltcore/lara-pdf-merger/src/LynX39/LaraPdfMerger/tcpdf/tcpdf.php:10282)
[stacktrace]
#0 {main}
"} 
[2026-06-24 21:58:49] local.ERROR: Allowed memory size of 1073741824 bytes exhausted (tried to allocate 335923232 bytes) {"userId":119,"exception":"[object] (Symfony\\Component\\Debug\\Exception\\FatalErrorException(code: 1): Allowed memory size of 1073741824 bytes exhausted (tried to allocate 335923232 bytes) at /home/lemaycon/app.lemayconsulting.com/vendor/daltcore/lara-pdf-merger/src/LynX39/LaraPdfMerger/tcpdf/tcpdf.php:10282)
[stacktrace]
#0 {main}
"} 
[2026-06-24 22:00:10] local.ERROR: Allowed memory size of 1073741824 bytes exhausted (tried to allocate 335923232 bytes) {"userId":119,"exception":"[object] (Symfony\\Component\\Debug\\Exception\\FatalErrorException(code: 1): Allowed memory size of 1073741824 bytes exhausted (tried to allocate 335923232 bytes) at /home/lemaycon/app.lemayconsulting.com/vendor/daltcore/lara-pdf-merger/src/LynX39/LaraPdfMerger/tcpdf/tcpdf.php:10282)
[stacktrace]
#0 {main}
"} 
[2026-06-24 22:02:20] local.ERROR: Allowed memory size of 1073741824 bytes exhausted (tried to allocate 335923232 bytes) {"userId":119,"exception":"[object] (Symfony\\Component\\Debug\\Exception\\FatalErrorException(code: 1): Allowed memory size of 1073741824 bytes exhausted (tried to allocate 335923232 bytes) at /home/lemaycon/app.lemayconsulting.com/vendor/daltcore/lara-pdf-merger/src/LynX39/LaraPdfMerger/tcpdf/tcpdf.php:10282)
[stacktrace]
#0 {main}
"} 
[2026-06-24 22:04:48] local.ERROR: Allowed memory size of 1073741824 bytes exhausted (tried to allocate 335923232 bytes) {"userId":119,"exception":"[object] (Symfony\\Component\\Debug\\Exception\\FatalErrorException(code: 1): Allowed memory size of 1073741824 bytes exhausted (tried to allocate 335923232 bytes) at /home/lemaycon/app.lemayconsulting.com/vendor/daltcore/lara-pdf-merger/src/LynX39/LaraPdfMerger/tcpdf/tcpdf.php:10282)
[stacktrace]
#0 {main}
"} 
[2026-06-24 22:05:26] local.ERROR: Allowed memory size of 1073741824 bytes exhausted (tried to allocate 335923232 bytes) {"userId":119,"exception":"[object] (Symfony\\Component\\Debug\\Exception\\FatalErrorException(code: 1): Allowed memory size of 1073741824 bytes exhausted (tried to allocate 335923232 bytes) at /home/lemaycon/app.lemayconsulting.com/vendor/daltcore/lara-pdf-merger/src/LynX39/LaraPdfMerger/tcpdf/tcpdf.php:10282)
[stacktrace]
#0 {main}
"} 
[2026-06-24 22:07:07] local.ERROR: Allowed memory size of 1073741824 bytes exhausted (tried to allocate 335923232 bytes) {"userId":119,"exception":"[object] (Symfony\\Component\\Debug\\Exception\\FatalErrorException(code: 1): Allowed memory size of 1073741824 bytes exhausted (tried to allocate 335923232 bytes) at /home/lemaycon/app.lemayconsulting.com/vendor/daltcore/lara-pdf-merger/src/LynX39/LaraPdfMerger/tcpdf/tcpdf.php:10282)
[stacktrace]
#0 {main}
"} 
[2026-06-24 22:18:00] local.ERROR: Allowed memory size of 1073741824 bytes exhausted (tried to allocate 335923232 bytes) {"userId":119,"exception":"[object] (Symfony\\Component\\Debug\\Exception\\FatalErrorException(code: 1): Allowed memory size of 1073741824 bytes exhausted (tried to allocate 335923232 bytes) at /home/lemaycon/app.lemayconsulting.com/vendor/daltcore/lara-pdf-merger/src/LynX39/LaraPdfMerger/tcpdf/tcpdf.php:10282)
[stacktrace]
#0 {main}
"} 
[2026-06-24 22:19:21] local.ERROR: Allowed memory size of 1073741824 bytes exhausted (tried to allocate 335923232 bytes) {"userId":119,"exception":"[object] (Symfony\\Component\\Debug\\Exception\\FatalErrorException(code: 1): Allowed memory size of 1073741824 bytes exhausted (tried to allocate 335923232 bytes) at /home/lemaycon/app.lemayconsulting.com/vendor/daltcore/lara-pdf-merger/src/LynX39/LaraPdfMerger/tcpdf/tcpdf.php:10282)
[stacktrace]
#0 {main}
"} 
[2026-06-24 22:19:41] local.ERROR: Allowed memory size of 1073741824 bytes exhausted (tried to allocate 335923232 bytes) {"userId":119,"exception":"[object] (Symfony\\Component\\Debug\\Exception\\FatalErrorException(code: 1): Allowed memory size of 1073741824 bytes exhausted (tried to allocate 335923232 bytes) at /home/lemaycon/app.lemayconsulting.com/vendor/daltcore/lara-pdf-merger/src/LynX39/LaraPdfMerger/tcpdf/tcpdf.php:10282)
[stacktrace]
#0 {main}
"} 
[2026-06-24 22:23:28] local.ERROR: Allowed memory size of 1073741824 bytes exhausted (tried to allocate 335923232 bytes) {"userId":119,"exception":"[object] (Symfony\\Component\\Debug\\Exception\\FatalErrorException(code: 1): Allowed memory size of 1073741824 bytes exhausted (tried to allocate 335923232 bytes) at /home/lemaycon/app.lemayconsulting.com/vendor/daltcore/lara-pdf-merger/src/LynX39/LaraPdfMerger/tcpdf/tcpdf.php:10282)
[stacktrace]
#0 {main}
"} 
[2026-06-24 22:42:50] local.ERROR: Allowed memory size of 1073741824 bytes exhausted (tried to allocate 335923232 bytes) {"userId":119,"exception":"[object] (Symfony\\Component\\Debug\\Exception\\FatalErrorException(code: 1): Allowed memory size of 1073741824 bytes exhausted (tried to allocate 335923232 bytes) at /home/lemaycon/app.lemayconsulting.com/vendor/daltcore/lara-pdf-merger/src/LynX39/LaraPdfMerger/tcpdf/tcpdf.php:10282)
[stacktrace]
#0 {main}
"} 
[2026-06-24 22:49:28] local.ERROR: Allowed memory size of 1073741824 bytes exhausted (tried to allocate 335923232 bytes) {"userId":119,"exception":"[object] (Symfony\\Component\\Debug\\Exception\\FatalErrorException(code: 1): Allowed memory size of 1073741824 bytes exhausted (tried to allocate 335923232 bytes) at /home/lemaycon/app.lemayconsulting.com/vendor/daltcore/lara-pdf-merger/src/LynX39/LaraPdfMerger/tcpdf/tcpdf.php:10282)
[stacktrace]
#0 {main}
"} 
[2026-06-25 14:10:10] local.DEBUG: Début création de fiche. Adresse : 6945 Boulevard Parent, Trois-Rivières, QC, Canada  
[2026-06-25 14:10:10] local.DEBUG: Appel API Geocoding : https://maps.googleapis.com/maps/api/geocode/json?address=6945+Boulevard+Parent%2C+Trois-Rivi%C3%A8res%2C+QC%2C+Canada&key=AIzaSyBGG9KMwSfFPJ_-vipDANTSj6LB4TPFlk8  
[2026-06-25 14:10:10] local.ERROR: Erreur API Geocoding : {"error_message":"API keys with referer restrictions cannot be used with this API.","results":[],"status":"REQUEST_DENIED"}  
[2026-06-25 16:58:06] local.ERROR: Allowed memory size of 1073741824 bytes exhausted (tried to allocate 335923232 bytes) {"userId":119,"exception":"[object] (Symfony\\Component\\Debug\\Exception\\FatalErrorException(code: 1): Allowed memory size of 1073741824 bytes exhausted (tried to allocate 335923232 bytes) at /home/lemaycon/app.lemayconsulting.com/vendor/daltcore/lara-pdf-merger/src/LynX39/LaraPdfMerger/tcpdf/tcpdf.php:10282)
[stacktrace]
#0 {main}
"} 
[2026-06-25 17:57:40] local.ERROR: Allowed memory size of 1073741824 bytes exhausted (tried to allocate 335923232 bytes) {"userId":119,"exception":"[object] (Symfony\\Component\\Debug\\Exception\\FatalErrorException(code: 1): Allowed memory size of 1073741824 bytes exhausted (tried to allocate 335923232 bytes) at /home/lemaycon/app.lemayconsulting.com/vendor/daltcore/lara-pdf-merger/src/LynX39/LaraPdfMerger/tcpdf/tcpdf.php:10282)
[stacktrace]
#0 {main}
"} 
[2026-06-26 04:26:29] local.ERROR: Allowed memory size of 1073741824 bytes exhausted (tried to allocate 335923232 bytes) {"userId":119,"exception":"[object] (Symfony\\Component\\Debug\\Exception\\FatalErrorException(code: 1): Allowed memory size of 1073741824 bytes exhausted (tried to allocate 335923232 bytes) at /home/lemaycon/app.lemayconsulting.com/vendor/daltcore/lara-pdf-merger/src/LynX39/LaraPdfMerger/tcpdf/tcpdf.php:10282)
[stacktrace]
#0 {main}
"} 
[2026-06-27 14:19:48] local.DEBUG: Début création de fiche. Adresse : 2659 Rue des Roitelets, Sainte-Adèle, QC, Canada  
[2026-06-27 14:19:48] local.DEBUG: Appel API Geocoding : https://maps.googleapis.com/maps/api/geocode/json?address=2659+Rue+des+Roitelets%2C+Sainte-Ad%C3%A8le%2C+QC%2C+Canada&key=AIzaSyBGG9KMwSfFPJ_-vipDANTSj6LB4TPFlk8  
[2026-06-27 14:19:48] local.ERROR: Erreur API Geocoding : {"error_message":"API keys with referer restrictions cannot be used with this API.","results":[],"status":"REQUEST_DENIED"}  
[2026-06-29 16:02:09] local.DEBUG: Début création de fiche. Adresse : 10716 Boulevard Saint-Jean, Trois-Rivières, QC, Canada  
[2026-06-29 16:02:09] local.DEBUG: Appel API Geocoding : https://maps.googleapis.com/maps/api/geocode/json?address=10716+Boulevard+Saint-Jean%2C+Trois-Rivi%C3%A8res%2C+QC%2C+Canada&key=AIzaSyBGG9KMwSfFPJ_-vipDANTSj6LB4TPFlk8  
[2026-06-29 16:02:09] local.ERROR: Erreur API Geocoding : {"error_message":"API keys with referer restrictions cannot be used with this API.","results":[],"status":"REQUEST_DENIED"}  
[2026-06-29 18:42:55] local.DEBUG: Début création de fiche. Adresse : 327 Rue Maisonneuve, Trois-Rivières, QC, Canada  
[2026-06-29 18:42:55] local.DEBUG: Appel API Geocoding : https://maps.googleapis.com/maps/api/geocode/json?address=327+Rue+Maisonneuve%2C+Trois-Rivi%C3%A8res%2C+QC%2C+Canada&key=AIzaSyBGG9KMwSfFPJ_-vipDANTSj6LB4TPFlk8  
[2026-06-29 18:42:55] local.ERROR: Erreur API Geocoding : {"error_message":"API keys with referer restrictions cannot be used with this API.","results":[],"status":"REQUEST_DENIED"}  
[2026-06-30 21:48:40] local.DEBUG: Début création de fiche. Adresse : 80 Avenue Lorne, Saint-Lambert, QC, Canada  
[2026-06-30 21:48:40] local.DEBUG: Appel API Geocoding : https://maps.googleapis.com/maps/api/geocode/json?address=80+Avenue+Lorne%2C+Saint-Lambert%2C+QC%2C+Canada&key=AIzaSyBGG9KMwSfFPJ_-vipDANTSj6LB4TPFlk8  
[2026-06-30 21:48:41] local.ERROR: Erreur API Geocoding : {"error_message":"API keys with referer restrictions cannot be used with this API.","results":[],"status":"REQUEST_DENIED"}  
[2026-07-01 01:32:42] local.DEBUG: Début création de fiche. Adresse : 6005 Boulevard Chevrier, Brossard, QC, Canada  
[2026-07-01 01:32:42] local.DEBUG: Appel API Geocoding : https://maps.googleapis.com/maps/api/geocode/json?address=6005+Boulevard+Chevrier%2C+Brossard%2C+QC%2C+Canada&key=AIzaSyBGG9KMwSfFPJ_-vipDANTSj6LB4TPFlk8  
[2026-07-01 01:32:43] local.ERROR: Erreur API Geocoding : {"error_message":"API keys with referer restrictions cannot be used with this API.","results":[],"status":"REQUEST_DENIED"}  
[2026-07-01 02:10:11] local.DEBUG: Début création de fiche. Adresse : 6415 Rue Corbière, Brossard, QC, Canada  
[2026-07-01 02:10:11] local.DEBUG: Appel API Geocoding : https://maps.googleapis.com/maps/api/geocode/json?address=6415+Rue+Corbi%C3%A8re%2C+Brossard%2C+QC%2C+Canada&key=AIzaSyBGG9KMwSfFPJ_-vipDANTSj6LB4TPFlk8  
[2026-07-01 02:10:12] local.ERROR: Erreur API Geocoding : {"error_message":"API keys with referer restrictions cannot be used with this API.","results":[],"status":"REQUEST_DENIED"}  
[2026-07-01 02:57:11] local.DEBUG: Début création de fiche. Adresse : 202 Rue Daigneault, Chambly, QC, Canada  
[2026-07-01 02:57:11] local.DEBUG: Appel API Geocoding : https://maps.googleapis.com/maps/api/geocode/json?address=202+Rue+Daigneault%2C+Chambly%2C+QC%2C+Canada&key=AIzaSyBGG9KMwSfFPJ_-vipDANTSj6LB4TPFlk8  
[2026-07-01 02:57:11] local.ERROR: Erreur API Geocoding : {"error_message":"API keys with referer restrictions cannot be used with this API.","results":[],"status":"REQUEST_DENIED"}  
[2026-07-01 23:49:50] local.DEBUG: Début création de fiche. Adresse : 611 Chemin des Îles, Entrelacs, QC, Canada  
[2026-07-01 23:49:50] local.DEBUG: Appel API Geocoding : https://maps.googleapis.com/maps/api/geocode/json?address=611+Chemin+des+%C3%8Eles%2C+Entrelacs%2C+QC%2C+Canada&key=AIzaSyBGG9KMwSfFPJ_-vipDANTSj6LB4TPFlk8  
[2026-07-01 23:49:51] local.ERROR: Erreur API Geocoding : {"error_message":"API keys with referer restrictions cannot be used with this API.","results":[],"status":"REQUEST_DENIED"}  
[2026-07-02 20:55:21] local.DEBUG: Début création de fiche. Adresse : 1353 Boulevard Louis Fréchette, Nicolet, QC, Canada  
[2026-07-02 20:55:21] local.DEBUG: Appel API Geocoding : https://maps.googleapis.com/maps/api/geocode/json?address=1353+Boulevard+Louis+Fr%C3%A9chette%2C+Nicolet%2C+QC%2C+Canada&key=AIzaSyBGG9KMwSfFPJ_-vipDANTSj6LB4TPFlk8  
[2026-07-02 20:55:21] local.ERROR: Erreur API Geocoding : {"error_message":"API keys with referer restrictions cannot be used with this API.","results":[],"status":"REQUEST_DENIED"}  
[2026-07-04 14:04:39] local.DEBUG: Début création de fiche. Adresse : 1753 Montée Sauvage, Saint-Adolphe-d'Howard, QC, Canada  
[2026-07-04 14:04:39] local.DEBUG: Appel API Geocoding : https://maps.googleapis.com/maps/api/geocode/json?address=1753+Mont%C3%A9e+Sauvage%2C+Saint-Adolphe-d%27Howard%2C+QC%2C+Canada&key=AIzaSyBGG9KMwSfFPJ_-vipDANTSj6LB4TPFlk8  
[2026-07-04 14:04:40] local.ERROR: Erreur API Geocoding : {"error_message":"API keys with referer restrictions cannot be used with this API.","results":[],"status":"REQUEST_DENIED"}  
[2026-07-04 20:29:44] local.DEBUG: Début création de fiche. Adresse : 6195 Rue Parny, Brossard, QC, Canada  
[2026-07-04 20:29:44] local.DEBUG: Appel API Geocoding : https://maps.googleapis.com/maps/api/geocode/json?address=6195+Rue+Parny%2C+Brossard%2C+QC%2C+Canada&key=AIzaSyBGG9KMwSfFPJ_-vipDANTSj6LB4TPFlk8  
[2026-07-04 20:29:44] local.ERROR: Erreur API Geocoding : {"error_message":"API keys with referer restrictions cannot be used with this API.","results":[],"status":"REQUEST_DENIED"}  
[2026-07-05 13:40:34] local.DEBUG: Début création de fiche. Adresse : Chemin des Bouleaux, Saint-Adolphe-d'Howard, QC, Canada  
[2026-07-05 13:40:34] local.DEBUG: Appel API Geocoding : https://maps.googleapis.com/maps/api/geocode/json?address=Chemin+des+Bouleaux%2C+Saint-Adolphe-d%27Howard%2C+QC%2C+Canada&key=AIzaSyBGG9KMwSfFPJ_-vipDANTSj6LB4TPFlk8  
[2026-07-05 13:40:34] local.ERROR: Erreur API Geocoding : {"error_message":"API keys with referer restrictions cannot be used with this API.","results":[],"status":"REQUEST_DENIED"}  
[2026-07-05 22:06:21] local.DEBUG: Début création de fiche. Adresse : 12122 Western Avenue, Garden Grove, Californie, États-Unis  
[2026-07-05 22:06:21] local.DEBUG: Appel API Geocoding : https://maps.googleapis.com/maps/api/geocode/json?address=12122+Western+Avenue%2C+Garden+Grove%2C+Californie%2C+%C3%89tats-Unis&key=AIzaSyBGG9KMwSfFPJ_-vipDANTSj6LB4TPFlk8  
[2026-07-05 22:06:22] local.ERROR: Erreur API Geocoding : {"error_message":"API keys with referer restrictions cannot be used with this API.","results":[],"status":"REQUEST_DENIED"}  
[2026-07-06 15:34:17] local.DEBUG: Début création de fiche. Adresse : 630 Rue du Chapelier, Bromont, QC, Canada  
[2026-07-06 15:34:17] local.DEBUG: Appel API Geocoding : https://maps.googleapis.com/maps/api/geocode/json?address=630+Rue+du+Chapelier%2C+Bromont%2C+QC%2C+Canada&key=AIzaSyBGG9KMwSfFPJ_-vipDANTSj6LB4TPFlk8  
[2026-07-06 15:34:18] local.ERROR: Erreur API Geocoding : {"error_message":"API keys with referer restrictions cannot be used with this API.","results":[],"status":"REQUEST_DENIED"}  
[2026-07-06 17:04:37] local.DEBUG: Début création de fiche. Adresse : 57 Rue des Érables, Salaberry-de-Valleyfield, QC J6T, Canada  
[2026-07-06 17:04:37] local.DEBUG: Appel API Geocoding : https://maps.googleapis.com/maps/api/geocode/json?address=57+Rue+des+%C3%89rables%2C+Salaberry-de-Valleyfield%2C+QC+J6T%2C+Canada&key=AIzaSyBGG9KMwSfFPJ_-vipDANTSj6LB4TPFlk8  
[2026-07-06 17:04:37] local.ERROR: Erreur API Geocoding : {"error_message":"API keys with referer restrictions cannot be used with this API.","results":[],"status":"REQUEST_DENIED"}  
[2026-07-07 17:50:18] local.DEBUG: Début création de fiche. Adresse : 170 Rue Lorette, Trois-Rivières, QC, Canada  
[2026-07-07 17:50:18] local.DEBUG: Appel API Geocoding : https://maps.googleapis.com/maps/api/geocode/json?address=170+Rue+Lorette%2C+Trois-Rivi%C3%A8res%2C+QC%2C+Canada&key=AIzaSyBGG9KMwSfFPJ_-vipDANTSj6LB4TPFlk8  
[2026-07-07 17:50:18] local.ERROR: Erreur API Geocoding : {"error_message":"API keys with referer restrictions cannot be used with this API.","results":[],"status":"REQUEST_DENIED"}  
[2026-07-07 18:46:57] local.DEBUG: Début création de fiche. Adresse : 285 Rue Marie Dostaler, Trois-Rivières, QC, Canada  
[2026-07-07 18:46:57] local.DEBUG: Appel API Geocoding : https://maps.googleapis.com/maps/api/geocode/json?address=285+Rue+Marie+Dostaler%2C+Trois-Rivi%C3%A8res%2C+QC%2C+Canada&key=AIzaSyBGG9KMwSfFPJ_-vipDANTSj6LB4TPFlk8  
[2026-07-07 18:46:58] local.ERROR: Erreur API Geocoding : {"error_message":"API keys with referer restrictions cannot be used with this API.","results":[],"status":"REQUEST_DENIED"}  
[2026-07-07 19:43:30] local.DEBUG: Début création de fiche. Adresse : 1241 Rue Laviolette, Trois-Rivières, QC, Canada  
[2026-07-07 19:43:30] local.DEBUG: Appel API Geocoding : https://maps.googleapis.com/maps/api/geocode/json?address=1241+Rue+Laviolette%2C+Trois-Rivi%C3%A8res%2C+QC%2C+Canada&key=AIzaSyBGG9KMwSfFPJ_-vipDANTSj6LB4TPFlk8  
[2026-07-07 19:43:31] local.ERROR: Erreur API Geocoding : {"error_message":"API keys with referer restrictions cannot be used with this API.","results":[],"status":"REQUEST_DENIED"}  
[2026-07-07 21:00:20] local.DEBUG: Début création de fiche. Adresse : 922 Boulevard du Saint Maurice, Trois-Rivières, QC, Canada  
[2026-07-07 21:00:20] local.DEBUG: Appel API Geocoding : https://maps.googleapis.com/maps/api/geocode/json?address=922+Boulevard+du+Saint+Maurice%2C+Trois-Rivi%C3%A8res%2C+QC%2C+Canada&key=AIzaSyBGG9KMwSfFPJ_-vipDANTSj6LB4TPFlk8  
[2026-07-07 21:00:20] local.ERROR: Erreur API Geocoding : {"error_message":"API keys with referer restrictions cannot be used with this API.","results":[],"status":"REQUEST_DENIED"}  
[2026-07-08 17:02:51] local.DEBUG: Début création de fiche. Adresse : 1606 Chemin Bunn, Saint-Sauveur, QC, Canada  
[2026-07-08 17:02:51] local.DEBUG: Appel API Geocoding : https://maps.googleapis.com/maps/api/geocode/json?address=1606+Chemin+Bunn%2C+Saint-Sauveur%2C+QC%2C+Canada&key=AIzaSyBGG9KMwSfFPJ_-vipDANTSj6LB4TPFlk8  
[2026-07-08 17:02:51] local.ERROR: Erreur API Geocoding : {"error_message":"API keys with referer restrictions cannot be used with this API.","results":[],"status":"REQUEST_DENIED"}  
[2026-07-09 13:06:36] local.DEBUG: Début création de fiche. Adresse : 407 Ch. des Prairies, Brossard, QC, Canada  
[2026-07-09 13:06:36] local.DEBUG: Appel API Geocoding : https://maps.googleapis.com/maps/api/geocode/json?address=407+Ch.+des+Prairies%2C+Brossard%2C+QC%2C+Canada&key=AIzaSyBGG9KMwSfFPJ_-vipDANTSj6LB4TPFlk8  
[2026-07-09 13:06:36] local.ERROR: Erreur API Geocoding : {"error_message":"API keys with referer restrictions cannot be used with this API.","results":[],"status":"REQUEST_DENIED"}  
[2026-07-10 00:36:01] local.DEBUG: Début création de fiche. Adresse : 7390 Rue Tunisie, Brossard, QC, Canada  
[2026-07-10 00:36:01] local.DEBUG: Appel API Geocoding : https://maps.googleapis.com/maps/api/geocode/json?address=7390+Rue+Tunisie%2C+Brossard%2C+QC%2C+Canada&key=AIzaSyBGG9KMwSfFPJ_-vipDANTSj6LB4TPFlk8  
[2026-07-10 00:36:01] local.ERROR: Erreur API Geocoding : {"error_message":"API keys with referer restrictions cannot be used with this API.","results":[],"status":"REQUEST_DENIED"}  
[2026-07-12 11:35:57] local.DEBUG: Début création de fiche. Adresse : 7380 Rue de Trinidad, Brossard, QC, Canada  
[2026-07-12 11:35:57] local.DEBUG: Appel API Geocoding : https://maps.googleapis.com/maps/api/geocode/json?address=7380+Rue+de+Trinidad%2C+Brossard%2C+QC%2C+Canada&key=AIzaSyBGG9KMwSfFPJ_-vipDANTSj6LB4TPFlk8  
[2026-07-12 11:35:57] local.ERROR: Erreur API Geocoding : {"error_message":"API keys with referer restrictions cannot be used with this API.","results":[],"status":"REQUEST_DENIED"}  
[2026-07-13 19:38:45] local.DEBUG: Début création de fiche. Adresse : 407 Verchère, Granby  
[2026-07-13 19:38:45] local.DEBUG: Appel API Geocoding : https://maps.googleapis.com/maps/api/geocode/json?address=407+Verch%C3%A8re%2C+Granby&key=AIzaSyBGG9KMwSfFPJ_-vipDANTSj6LB4TPFlk8  
[2026-07-13 19:38:45] local.ERROR: Erreur API Geocoding : {"error_message":"API keys with referer restrictions cannot be used with this API.","results":[],"status":"REQUEST_DENIED"}  
[2026-07-14 15:22:51] local.DEBUG: Début création de fiche. Adresse : 380 Rue de l'Artisan, Bromont, QC, Canada  
[2026-07-14 15:22:51] local.DEBUG: Appel API Geocoding : https://maps.googleapis.com/maps/api/geocode/json?address=380+Rue+de+l%27Artisan%2C+Bromont%2C+QC%2C+Canada&key=AIzaSyBGG9KMwSfFPJ_-vipDANTSj6LB4TPFlk8  
[2026-07-14 15:22:51] local.ERROR: Erreur API Geocoding : {"error_message":"API keys with referer restrictions cannot be used with this API.","results":[],"status":"REQUEST_DENIED"}  
[2026-07-14 17:55:37] local.DEBUG: Début création de fiche. Adresse : 130 Rue Trudel, Nicolet, QC, Canada  
[2026-07-14 17:55:37] local.DEBUG: Appel API Geocoding : https://maps.googleapis.com/maps/api/geocode/json?address=130+Rue+Trudel%2C+Nicolet%2C+QC%2C+Canada&key=AIzaSyBGG9KMwSfFPJ_-vipDANTSj6LB4TPFlk8  
[2026-07-14 17:55:37] local.ERROR: Erreur API Geocoding : {"error_message":"API keys with referer restrictions cannot be used with this API.","results":[],"status":"REQUEST_DENIED"}  
[2026-07-14 19:02:57] local.DEBUG: Début création de fiche. Adresse : 680 Chemin des Dalles, Saint-Étienne-des-Grès, QC, Canada  
[2026-07-14 19:02:57] local.DEBUG: Appel API Geocoding : https://maps.googleapis.com/maps/api/geocode/json?address=680+Chemin+des+Dalles%2C+Saint-%C3%89tienne-des-Gr%C3%A8s%2C+QC%2C+Canada&key=AIzaSyBGG9KMwSfFPJ_-vipDANTSj6LB4TPFlk8  
[2026-07-14 19:02:57] local.ERROR: Erreur API Geocoding : {"error_message":"API keys with referer restrictions cannot be used with this API.","results":[],"status":"REQUEST_DENIED"}  
[2026-07-14 20:49:01] local.DEBUG: Début création de fiche. Adresse : 3630 Chemin du Fleuve Est, Nicolet, QC, Canada  
[2026-07-14 20:49:01] local.DEBUG: Appel API Geocoding : https://maps.googleapis.com/maps/api/geocode/json?address=3630+Chemin+du+Fleuve+Est%2C+Nicolet%2C+QC%2C+Canada&key=AIzaSyBGG9KMwSfFPJ_-vipDANTSj6LB4TPFlk8  
[2026-07-14 20:49:01] local.ERROR: Erreur API Geocoding : {"error_message":"API keys with referer restrictions cannot be used with this API.","results":[],"status":"REQUEST_DENIED"}  
[2026-07-16 00:53:14] local.DEBUG: Début création de fiche. Adresse : 36 Rue de la Montagne, Saint-Hippolyte, QC, Canada  
[2026-07-16 00:53:14] local.DEBUG: Appel API Geocoding : https://maps.googleapis.com/maps/api/geocode/json?address=36+Rue+de+la+Montagne%2C+Saint-Hippolyte%2C+QC%2C+Canada&key=AIzaSyBGG9KMwSfFPJ_-vipDANTSj6LB4TPFlk8  
[2026-07-16 00:53:15] local.ERROR: Erreur API Geocoding : {"error_message":"API keys with referer restrictions cannot be used with this API.","results":[],"status":"REQUEST_DENIED"}  
[2026-07-16 14:03:56] local.DEBUG: Début création de fiche. Adresse : 123 William Street, New York, État de New York, États-Unis  
[2026-07-16 14:03:56] local.DEBUG: Appel API Geocoding : https://maps.googleapis.com/maps/api/geocode/json?address=123+William+Street%2C+New+York%2C+%C3%89tat+de+New+York%2C+%C3%89tats-Unis&key=AIzaSyBGG9KMwSfFPJ_-vipDANTSj6LB4TPFlk8  
[2026-07-16 14:03:57] local.ERROR: Erreur API Geocoding : {"error_message":"API keys with referer restrictions cannot be used with this API.","results":[],"status":"REQUEST_DENIED"}  
[2026-07-16 22:19:03] local.DEBUG: Début création de fiche. Adresse : 1036 Rue Normand, Prévost, QC, Canada  
[2026-07-16 22:19:03] local.DEBUG: Appel API Geocoding : https://maps.googleapis.com/maps/api/geocode/json?address=1036+Rue+Normand%2C+Pr%C3%A9vost%2C+QC%2C+Canada&key=AIzaSyBGG9KMwSfFPJ_-vipDANTSj6LB4TPFlk8  
[2026-07-16 22:19:03] local.ERROR: Erreur API Geocoding : {"error_message":"API keys with referer restrictions cannot be used with this API.","results":[],"status":"REQUEST_DENIED"}  
[2026-07-17 10:43:22] local.DEBUG: Début création de fiche. Adresse : 1634 Chemin de la Pointe aux Roches, Saint-Sauveur, QC, Canada  
[2026-07-17 10:43:22] local.DEBUG: Appel API Geocoding : https://maps.googleapis.com/maps/api/geocode/json?address=1634+Chemin+de+la+Pointe+aux+Roches%2C+Saint-Sauveur%2C+QC%2C+Canada&key=AIzaSyBGG9KMwSfFPJ_-vipDANTSj6LB4TPFlk8  
[2026-07-17 10:43:23] local.ERROR: Erreur API Geocoding : {"error_message":"API keys with referer restrictions cannot be used with this API.","results":[],"status":"REQUEST_DENIED"}  
[2026-07-17 20:23:59] local.DEBUG: Début création de fiche. Adresse : 347 Rue Laviolette, Trois-Rivières, QC, Canada  
[2026-07-17 20:23:59] local.DEBUG: Appel API Geocoding : https://maps.googleapis.com/maps/api/geocode/json?address=347+Rue+Laviolette%2C+Trois-Rivi%C3%A8res%2C+QC%2C+Canada&key=AIzaSyBGG9KMwSfFPJ_-vipDANTSj6LB4TPFlk8  
[2026-07-17 20:23:59] local.ERROR: Erreur API Geocoding : {"error_message":"API keys with referer restrictions cannot be used with this API.","results":[],"status":"REQUEST_DENIED"}  
[2026-07-20 12:59:12] local.DEBUG: Début création de fiche. Adresse : 5510 Rue Charpentier, Brossard, QC, Canada  
[2026-07-20 12:59:12] local.DEBUG: Appel API Geocoding : https://maps.googleapis.com/maps/api/geocode/json?address=5510+Rue+Charpentier%2C+Brossard%2C+QC%2C+Canada&key=AIzaSyBGG9KMwSfFPJ_-vipDANTSj6LB4TPFlk8  
[2026-07-20 12:59:12] local.ERROR: Erreur API Geocoding : {"error_message":"API keys with referer restrictions cannot be used with this API.","results":[],"status":"REQUEST_DENIED"}  
[2026-07-20 23:40:36] local.DEBUG: Début création de fiche. Adresse : 36 Boulevard Saint-Elzéar Ouest, Laval, QC, Canada  
[2026-07-20 23:40:36] local.DEBUG: Appel API Geocoding : https://maps.googleapis.com/maps/api/geocode/json?address=36+Boulevard+Saint-Elz%C3%A9ar+Ouest%2C+Laval%2C+QC%2C+Canada&key=AIzaSyBGG9KMwSfFPJ_-vipDANTSj6LB4TPFlk8  
[2026-07-20 23:40:36] local.ERROR: Erreur API Geocoding : {"error_message":"API keys with referer restrictions cannot be used with this API.","results":[],"status":"REQUEST_DENIED"}  
[2026-07-21 13:26:38] local.DEBUG: Début création de fiche. Adresse : 8645 Avenue Saguenay, Brossard, QC, Canada  
[2026-07-21 13:26:38] local.DEBUG: Appel API Geocoding : https://maps.googleapis.com/maps/api/geocode/json?address=8645+Avenue+Saguenay%2C+Brossard%2C+QC%2C+Canada&key=AIzaSyBGG9KMwSfFPJ_-vipDANTSj6LB4TPFlk8  
[2026-07-21 13:26:38] local.ERROR: Erreur API Geocoding : {"error_message":"API keys with referer restrictions cannot be used with this API.","results":[],"status":"REQUEST_DENIED"}  
[2026-07-21 18:18:55] local.DEBUG: Début création de fiche. Adresse : 18 Rue Marie Uguay, Blainville, QC J7C 5G8, Canada  
[2026-07-21 18:18:55] local.DEBUG: Appel API Geocoding : https://maps.googleapis.com/maps/api/geocode/json?address=18+Rue+Marie+Uguay%2C+Blainville%2C+QC+J7C+5G8%2C+Canada&key=AIzaSyBGG9KMwSfFPJ_-vipDANTSj6LB4TPFlk8  
[2026-07-21 18:18:55] local.ERROR: Erreur API Geocoding : {"error_message":"API keys with referer restrictions cannot be used with this API.","results":[],"status":"REQUEST_DENIED"}  
[2026-07-22 17:09:05] local.DEBUG: Début création de fiche. Adresse : 875 Rue Voltaire, Brossard, QC, Canada  
[2026-07-22 17:09:05] local.DEBUG: Appel API Geocoding : https://maps.googleapis.com/maps/api/geocode/json?address=875+Rue+Voltaire%2C+Brossard%2C+QC%2C+Canada&key=AIzaSyBGG9KMwSfFPJ_-vipDANTSj6LB4TPFlk8  
[2026-07-22 17:09:06] local.ERROR: Erreur API Geocoding : {"error_message":"API keys with referer restrictions cannot be used with this API.","results":[],"status":"REQUEST_DENIED"}  
[2026-07-23 14:52:48] local.DEBUG: Début création de fiche. Adresse : 150 24e Avenue, Deschaillons-sur-Saint-Laurent, QC, Canada  
[2026-07-23 14:52:48] local.DEBUG: Appel API Geocoding : https://maps.googleapis.com/maps/api/geocode/json?address=150+24e+Avenue%2C+Deschaillons-sur-Saint-Laurent%2C+QC%2C+Canada&key=AIzaSyBGG9KMwSfFPJ_-vipDANTSj6LB4TPFlk8  
[2026-07-23 14:52:48] local.ERROR: Erreur API Geocoding : {"error_message":"API keys with referer restrictions cannot be used with this API.","results":[],"status":"REQUEST_DENIED"}  
[2026-07-24 14:37:30] local.DEBUG: Début création de fiche. Adresse : 566 Avenue Strauss, Brossard, QC, Canada  
[2026-07-24 14:37:30] local.DEBUG: Appel API Geocoding : https://maps.googleapis.com/maps/api/geocode/json?address=566+Avenue+Strauss%2C+Brossard%2C+QC%2C+Canada&key=AIzaSyBGG9KMwSfFPJ_-vipDANTSj6LB4TPFlk8  
[2026-07-24 14:37:31] local.ERROR: Erreur API Geocoding : {"error_message":"API keys with referer restrictions cannot be used with this API.","results":[],"status":"REQUEST_DENIED"}  
[2026-07-27 12:04:14] local.DEBUG: Début création de fiche. Adresse : 454 Rue Béliveau, Trois-Rivières, QC, Canada  
[2026-07-27 12:04:14] local.DEBUG: Appel API Geocoding : https://maps.googleapis.com/maps/api/geocode/json?address=454+Rue+B%C3%A9liveau%2C+Trois-Rivi%C3%A8res%2C+QC%2C+Canada&key=AIzaSyBGG9KMwSfFPJ_-vipDANTSj6LB4TPFlk8  
[2026-07-27 12:04:15] local.ERROR: Erreur API Geocoding : {"error_message":"API keys with referer restrictions cannot be used with this API.","results":[],"status":"REQUEST_DENIED"}  
[2026-07-27 12:30:07] local.DEBUG: Début création de fiche. Adresse : 1143 Rue Louis Lamy, Trois-Rivières, QC, Canada  
[2026-07-27 12:30:07] local.DEBUG: Appel API Geocoding : https://maps.googleapis.com/maps/api/geocode/json?address=1143+Rue+Louis+Lamy%2C+Trois-Rivi%C3%A8res%2C+QC%2C+Canada&key=AIzaSyBGG9KMwSfFPJ_-vipDANTSj6LB4TPFlk8  
[2026-07-27 12:30:08] local.ERROR: Erreur API Geocoding : {"error_message":"API keys with referer restrictions cannot be used with this API.","results":[],"status":"REQUEST_DENIED"}  
[2026-07-27 18:19:11] local.DEBUG: Début création de fiche. Adresse : 87 Chemin des Cèdres, Rigaud, QC, Canada  
[2026-07-27 18:19:11] local.DEBUG: Appel API Geocoding : https://maps.googleapis.com/maps/api/geocode/json?address=87+Chemin+des+C%C3%A8dres%2C+Rigaud%2C+QC%2C+Canada&key=AIzaSyBGG9KMwSfFPJ_-vipDANTSj6LB4TPFlk8  
[2026-07-27 18:19:12] local.ERROR: Erreur API Geocoding : {"error_message":"API keys with referer restrictions cannot be used with this API.","results":[],"status":"REQUEST_DENIED"}  
[2026-07-28 01:33:04] local.DEBUG: Début création de fiche. Adresse : 1825 Rue du Skieur, Sainte-Adèle, QC, Canada  
[2026-07-28 01:33:04] local.DEBUG: Appel API Geocoding : https://maps.googleapis.com/maps/api/geocode/json?address=1825+Rue+du+Skieur%2C+Sainte-Ad%C3%A8le%2C+QC%2C+Canada&key=AIzaSyBGG9KMwSfFPJ_-vipDANTSj6LB4TPFlk8  
[2026-07-28 01:33:04] local.ERROR: Erreur API Geocoding : {"error_message":"API keys with referer restrictions cannot be used with this API.","results":[],"status":"REQUEST_DENIED"}  
[2026-07-29 02:24:04] local.DEBUG: Début création de fiche. Adresse : 8115 Avenue Niagara, Brossard, QC, Canada  
[2026-07-29 02:24:04] local.DEBUG: Appel API Geocoding : https://maps.googleapis.com/maps/api/geocode/json?address=8115+Avenue+Niagara%2C+Brossard%2C+QC%2C+Canada&key=AIzaSyBGG9KMwSfFPJ_-vipDANTSj6LB4TPFlk8  
[2026-07-29 02:24:05] local.ERROR: Erreur API Geocoding : {"error_message":"API keys with referer restrictions cannot be used with this API.","results":[],"status":"REQUEST_DENIED"}  
[2026-07-29 14:14:23] local.DEBUG: Début création de fiche. Adresse : 15 Rue Longval, Trois-Rivières, QC, Canada  
[2026-07-29 14:14:23] local.DEBUG: Appel API Geocoding : https://maps.googleapis.com/maps/api/geocode/json?address=15+Rue+Longval%2C+Trois-Rivi%C3%A8res%2C+QC%2C+Canada&key=AIzaSyBGG9KMwSfFPJ_-vipDANTSj6LB4TPFlk8  
[2026-07-29 14:14:24] local.ERROR: Erreur API Geocoding : {"error_message":"API keys with referer restrictions cannot be used with this API.","results":[],"status":"REQUEST_DENIED"}  
[2026-07-29 17:04:21] local.DEBUG: Début création de fiche. Adresse : 811 Rue Lanctot, Trois-Rivières, QC, Canada  
[2026-07-29 17:04:21] local.DEBUG: Appel API Geocoding : https://maps.googleapis.com/maps/api/geocode/json?address=811+Rue+Lanctot%2C+Trois-Rivi%C3%A8res%2C+QC%2C+Canada&key=AIzaSyBGG9KMwSfFPJ_-vipDANTSj6LB4TPFlk8  
[2026-07-29 17:04:21] local.ERROR: Erreur API Geocoding : {"error_message":"API keys with referer restrictions cannot be used with this API.","results":[],"status":"REQUEST_DENIED"}  
[2026-07-31 12:23:10] local.DEBUG: Début création de fiche. Adresse : 1955 Rue Adoncour, Longueuil, QC, Canada  
[2026-07-31 12:23:10] local.DEBUG: Appel API Geocoding : https://maps.googleapis.com/maps/api/geocode/json?address=1955+Rue+Adoncour%2C+Longueuil%2C+QC%2C+Canada&key=AIzaSyBGG9KMwSfFPJ_-vipDANTSj6LB4TPFlk8  
[2026-07-31 12:23:10] local.ERROR: Erreur API Geocoding : {"error_message":"API keys with referer restrictions cannot be used with this API.","results":[],"status":"REQUEST_DENIED"}  
[2026-07-31 14:53:16] local.DEBUG: Début création de fiche. Adresse : 1106 Rue St Paul, Trois-Rivières, QC, Canada  
[2026-07-31 14:53:16] local.DEBUG: Appel API Geocoding : https://maps.googleapis.com/maps/api/geocode/json?address=1106+Rue+St+Paul%2C+Trois-Rivi%C3%A8res%2C+QC%2C+Canada&key=AIzaSyBGG9KMwSfFPJ_-vipDANTSj6LB4TPFlk8  
[2026-07-31 14:53:16] local.ERROR: Erreur API Geocoding : {"error_message":"API keys with referer restrictions cannot be used with this API.","results":[],"status":"REQUEST_DENIED"}  
[2026-07-31 17:16:16] local.DEBUG: Début création de fiche. Adresse : 76 Rue Lafontaine, East Angus, QC, Canada  
[2026-07-31 17:16:16] local.DEBUG: Appel API Geocoding : https://maps.googleapis.com/maps/api/geocode/json?address=76+Rue+Lafontaine%2C+East+Angus%2C+QC%2C+Canada&key=AIzaSyBGG9KMwSfFPJ_-vipDANTSj6LB4TPFlk8  
[2026-07-31 17:16:16] local.ERROR: Erreur API Geocoding : {"error_message":"API keys with referer restrictions cannot be used with this API.","results":[],"status":"REQUEST_DENIED"}  
[2026-08-01 18:50:36] local.DEBUG: Début création de fiche. Adresse : 2220 Montée Sainte-Thérèse, Saint-Jérôme, QC, Canada  
[2026-08-01 18:50:36] local.DEBUG: Appel API Geocoding : https://maps.googleapis.com/maps/api/geocode/json?address=2220+Mont%C3%A9e+Sainte-Th%C3%A9r%C3%A8se%2C+Saint-J%C3%A9r%C3%B4me%2C+QC%2C+Canada&key=AIzaSyBGG9KMwSfFPJ_-vipDANTSj6LB4TPFlk8  
[2026-08-01 18:50:37] local.ERROR: Erreur API Geocoding : {"error_message":"API keys with referer restrictions cannot be used with this API.","results":[],"status":"REQUEST_DENIED"}  
[2026-08-03 00:40:34] local.DEBUG: Début création de fiche. Adresse : 588 Rue de Canterbury, Laval, QC, Canada  
[2026-08-03 00:40:34] local.DEBUG: Appel API Geocoding : https://maps.googleapis.com/maps/api/geocode/json?address=588+Rue+de+Canterbury%2C+Laval%2C+QC%2C+Canada&key=AIzaSyBGG9KMwSfFPJ_-vipDANTSj6LB4TPFlk8  
[2026-08-03 00:40:34] local.ERROR: Erreur API Geocoding : {"error_message":"API keys with referer restrictions cannot be used with this API.","results":[],"status":"REQUEST_DENIED"}  
[2026-08-04 13:11:57] local.DEBUG: Début création de fiche. Adresse : 107 Rue des Rosiers, Saint-Hippolyte, QC, Canada  
[2026-08-04 13:11:57] local.DEBUG: Appel API Geocoding : https://maps.googleapis.com/maps/api/geocode/json?address=107+Rue+des+Rosiers%2C+Saint-Hippolyte%2C+QC%2C+Canada&key=AIzaSyBGG9KMwSfFPJ_-vipDANTSj6LB4TPFlk8  
[2026-08-04 13:11:58] local.ERROR: Erreur API Geocoding : {"error_message":"API keys with referer restrictions cannot be used with this API.","results":[],"status":"REQUEST_DENIED"}  
[2026-08-04 18:48:09] local.DEBUG: Début création de fiche. Adresse : 5895 Rue Parnasse, Brossard, QC, Canada  
[2026-08-04 18:48:09] local.DEBUG: Appel API Geocoding : https://maps.googleapis.com/maps/api/geocode/json?address=5895+Rue+Parnasse%2C+Brossard%2C+QC%2C+Canada&key=AIzaSyBGG9KMwSfFPJ_-vipDANTSj6LB4TPFlk8  
[2026-08-04 18:48:09] local.ERROR: Erreur API Geocoding : {"error_message":"API keys with referer restrictions cannot be used with this API.","results":[],"status":"REQUEST_DENIED"}  
[2026-08-05 18:38:41] local.DEBUG: Début création de fiche. Adresse : 131 Rue Bourbeau, Trois-Rivières, QC, Canada  
[2026-08-05 18:38:41] local.DEBUG: Appel API Geocoding : https://maps.googleapis.com/maps/api/geocode/json?address=131+Rue+Bourbeau%2C+Trois-Rivi%C3%A8res%2C+QC%2C+Canada&key=AIzaSyBGG9KMwSfFPJ_-vipDANTSj6LB4TPFlk8  
[2026-08-05 18:38:42] local.ERROR: Erreur API Geocoding : {"error_message":"API keys with referer restrictions cannot be used with this API.","results":[],"status":"REQUEST_DENIED"}  
[2026-08-05 19:34:30] local.DEBUG: Début création de fiche. Adresse : 1191 Rue Louis Lamy, Trois-Rivières, QC, Canada  
[2026-08-05 19:34:30] local.DEBUG: Appel API Geocoding : https://maps.googleapis.com/maps/api/geocode/json?address=1191+Rue+Louis+Lamy%2C+Trois-Rivi%C3%A8res%2C+QC%2C+Canada&key=AIzaSyBGG9KMwSfFPJ_-vipDANTSj6LB4TPFlk8  
[2026-08-05 19:34:30] local.ERROR: Erreur API Geocoding : {"error_message":"API keys with referer restrictions cannot be used with this API.","results":[],"status":"REQUEST_DENIED"}  
[2026-08-05 20:08:05] local.DEBUG: Début création de fiche. Adresse : 2844 Rue des Groseilliers, Trois-Rivières, QC, Canada  
[2026-08-05 20:08:05] local.DEBUG: Appel API Geocoding : https://maps.googleapis.com/maps/api/geocode/json?address=2844+Rue+des+Groseilliers%2C+Trois-Rivi%C3%A8res%2C+QC%2C+Canada&key=AIzaSyBGG9KMwSfFPJ_-vipDANTSj6LB4TPFlk8  
[2026-08-05 20:08:05] local.ERROR: Erreur API Geocoding : {"error_message":"API keys with referer restrictions cannot be used with this API.","results":[],"status":"REQUEST_DENIED"}  
[2026-08-06 11:27:55] local.DEBUG: Début création de fiche. Adresse : 1385 Boulevard des Écluses, Sainte-Catherine, QC, Canada  
[2026-08-06 11:27:55] local.DEBUG: Appel API Geocoding : https://maps.googleapis.com/maps/api/geocode/json?address=1385+Boulevard+des+%C3%89cluses%2C+Sainte-Catherine%2C+QC%2C+Canada&key=AIzaSyBGG9KMwSfFPJ_-vipDANTSj6LB4TPFlk8  
[2026-08-06 11:27:55] local.ERROR: Erreur API Geocoding : {"error_message":"API keys with referer restrictions cannot be used with this API.","results":[],"status":"REQUEST_DENIED"}  
[2026-08-06 21:08:35] local.DEBUG: Début création de fiche. Adresse : 360 Rue Woodbine, Brownsburg, QC J8G 0A2, Canada  
[2026-08-06 21:08:35] local.DEBUG: Appel API Geocoding : https://maps.googleapis.com/maps/api/geocode/json?address=360+Rue+Woodbine%2C+Brownsburg%2C+QC+J8G+0A2%2C+Canada&key=AIzaSyBGG9KMwSfFPJ_-vipDANTSj6LB4TPFlk8  
[2026-08-06 21:08:35] local.ERROR: Erreur API Geocoding : {"error_message":"API keys with referer restrictions cannot be used with this API.","results":[],"status":"REQUEST_DENIED"}  
[2026-08-13 13:54:51] local.DEBUG: Début création de fiche. Adresse : 7245 Avenue Malo, Brossard, QC, Canada  
[2026-08-13 13:54:51] local.DEBUG: Appel API Geocoding : https://maps.googleapis.com/maps/api/geocode/json?address=7245+Avenue+Malo%2C+Brossard%2C+QC%2C+Canada&key=AIzaSyBGG9KMwSfFPJ_-vipDANTSj6LB4TPFlk8  
[2026-08-13 13:54:51] local.ERROR: Erreur API Geocoding : {"error_message":"API keys with referer restrictions cannot be used with this API.","results":[],"status":"REQUEST_DENIED"}  
[2026-08-13 14:52:27] local.DEBUG: Début création de fiche. Adresse : 7650 Rue Trudeau, Brossard, QC, Canada  
[2026-08-13 14:52:27] local.DEBUG: Appel API Geocoding : https://maps.googleapis.com/maps/api/geocode/json?address=7650+Rue+Trudeau%2C+Brossard%2C+QC%2C+Canada&key=AIzaSyBGG9KMwSfFPJ_-vipDANTSj6LB4TPFlk8  
[2026-08-13 14:52:27] local.ERROR: Erreur API Geocoding : {"error_message":"API keys with referer restrictions cannot be used with this API.","results":[],"status":"REQUEST_DENIED"}  
[2026-08-14 10:54:09] local.DEBUG: Début création de fiche. Adresse : 2962 Chemin Marie Reine des Coeurs, Chertsey, QC, Canada  
[2026-08-14 10:54:09] local.DEBUG: Appel API Geocoding : https://maps.googleapis.com/maps/api/geocode/json?address=2962+Chemin+Marie+Reine+des+Coeurs%2C+Chertsey%2C+QC%2C+Canada&key=AIzaSyBGG9KMwSfFPJ_-vipDANTSj6LB4TPFlk8  
[2026-08-14 10:54:09] local.ERROR: Erreur API Geocoding : {"error_message":"API keys with referer restrictions cannot be used with this API.","results":[],"status":"REQUEST_DENIED"}  
[2026-08-17 17:48:24] local.DEBUG: Début création de fiche. Adresse : 230 Rue Bergeron Est, Granby, QC, Canada  
[2026-08-17 17:48:24] local.DEBUG: Appel API Geocoding : https://maps.googleapis.com/maps/api/geocode/json?address=230+Rue+Bergeron+Est%2C+Granby%2C+QC%2C+Canada&key=AIzaSyBGG9KMwSfFPJ_-vipDANTSj6LB4TPFlk8  
[2026-08-17 17:48:24] local.ERROR: Erreur API Geocoding : {"error_message":"API keys with referer restrictions cannot be used with this API.","results":[],"status":"REQUEST_DENIED"}  
[2026-08-18 18:04:31] local.DEBUG: Début création de fiche. Adresse : 225 Rue des Gouverneurs, Saint-Étienne-des-Grès, QC, Canada  
[2026-08-18 18:04:31] local.DEBUG: Appel API Geocoding : https://maps.googleapis.com/maps/api/geocode/json?address=225+Rue+des+Gouverneurs%2C+Saint-%C3%89tienne-des-Gr%C3%A8s%2C+QC%2C+Canada&key=AIzaSyBGG9KMwSfFPJ_-vipDANTSj6LB4TPFlk8  
[2026-08-18 18:04:31] local.ERROR: Erreur API Geocoding : {"error_message":"API keys with referer restrictions cannot be used with this API.","results":[],"status":"REQUEST_DENIED"}  
[2026-08-18 19:24:21] local.DEBUG: Début création de fiche. Adresse : 77 Rue St Henri, Trois-Rivières, QC, Canada  
[2026-08-18 19:24:21] local.DEBUG: Appel API Geocoding : https://maps.googleapis.com/maps/api/geocode/json?address=77+Rue+St+Henri%2C+Trois-Rivi%C3%A8res%2C+QC%2C+Canada&key=AIzaSyBGG9KMwSfFPJ_-vipDANTSj6LB4TPFlk8  
[2026-08-18 19:24:22] local.ERROR: Erreur API Geocoding : {"error_message":"API keys with referer restrictions cannot be used with this API.","results":[],"status":"REQUEST_DENIED"}  
[2026-08-19 12:31:31] local.DEBUG: Début création de fiche. Adresse : 1821 Rang St Jean, Saint-Maurice, QC, Canada  
[2026-08-19 12:31:31] local.DEBUG: Appel API Geocoding : https://maps.googleapis.com/maps/api/geocode/json?address=1821+Rang+St+Jean%2C+Saint-Maurice%2C+QC%2C+Canada&key=AIzaSyBGG9KMwSfFPJ_-vipDANTSj6LB4TPFlk8  
[2026-08-19 12:31:31] local.ERROR: Erreur API Geocoding : {"error_message":"API keys with referer restrictions cannot be used with this API.","results":[],"status":"REQUEST_DENIED"}  
[2026-08-19 13:17:54] local.DEBUG: Début création de fiche. Adresse : 7210 Rue du Chardonneret app. 2, Brossard, QC, Canada  
[2026-08-19 13:17:54] local.DEBUG: Appel API Geocoding : https://maps.googleapis.com/maps/api/geocode/json?address=7210+Rue+du+Chardonneret+app.+2%2C+Brossard%2C+QC%2C+Canada&key=AIzaSyBGG9KMwSfFPJ_-vipDANTSj6LB4TPFlk8  
[2026-08-19 13:17:55] local.ERROR: Erreur API Geocoding : {"error_message":"API keys with referer restrictions cannot be used with this API.","results":[],"status":"REQUEST_DENIED"}  
[2026-08-19 23:49:29] local.DEBUG: Début création de fiche. Adresse : 5325 Avenue Colomb app 301, Brossard, QC, Canada  
[2026-08-19 23:49:29] local.DEBUG: Appel API Geocoding : https://maps.googleapis.com/maps/api/geocode/json?address=5325+Avenue+Colomb+app+301%2C+Brossard%2C+QC%2C+Canada&key=AIzaSyBGG9KMwSfFPJ_-vipDANTSj6LB4TPFlk8  
[2026-08-19 23:49:30] local.ERROR: Erreur API Geocoding : {"error_message":"API keys with referer restrictions cannot be used with this API.","results":[],"status":"REQUEST_DENIED"}  
[2026-08-20 13:56:11] local.DEBUG: Début création de fiche. Adresse : 9835 Boul. Leduc app 201, Brossard, QC, Canada  
[2026-08-20 13:56:11] local.DEBUG: Appel API Geocoding : https://maps.googleapis.com/maps/api/geocode/json?address=9835+Boul.+Leduc+app+201%2C+Brossard%2C+QC%2C+Canada&key=AIzaSyBGG9KMwSfFPJ_-vipDANTSj6LB4TPFlk8  
[2026-08-20 13:56:11] local.ERROR: Erreur API Geocoding : {"error_message":"API keys with referer restrictions cannot be used with this API.","results":[],"status":"REQUEST_DENIED"}  
[2026-08-20 15:49:54] local.DEBUG: Début création de fiche. Adresse : 2590 Rue de la Chouette, Laval, QC, Canada  
[2026-08-20 15:49:54] local.DEBUG: Appel API Geocoding : https://maps.googleapis.com/maps/api/geocode/json?address=2590+Rue+de+la+Chouette%2C+Laval%2C+QC%2C+Canada&key=AIzaSyBGG9KMwSfFPJ_-vipDANTSj6LB4TPFlk8  
[2026-08-20 15:49:55] local.ERROR: Erreur API Geocoding : {"error_message":"API keys with referer restrictions cannot be used with this API.","results":[],"status":"REQUEST_DENIED"}  
[2026-08-20 19:23:21] local.DEBUG: Début création de fiche. Adresse : 964 Croissant Rainville, Brossard, QC, Canada  
[2026-08-20 19:23:21] local.DEBUG: Appel API Geocoding : https://maps.googleapis.com/maps/api/geocode/json?address=964+Croissant+Rainville%2C+Brossard%2C+QC%2C+Canada&key=AIzaSyBGG9KMwSfFPJ_-vipDANTSj6LB4TPFlk8  
[2026-08-20 19:23:21] local.ERROR: Erreur API Geocoding : {"error_message":"API keys with referer restrictions cannot be used with this API.","results":[],"status":"REQUEST_DENIED"}  
[2026-08-22 13:23:56] local.DEBUG: Début création de fiche. Adresse : 3940 Rue Paquette, Longueuil, QC, Canada  
[2026-08-22 13:23:56] local.DEBUG: Appel API Geocoding : https://maps.googleapis.com/maps/api/geocode/json?address=3940+Rue+Paquette%2C+Longueuil%2C+QC%2C+Canada&key=AIzaSyBGG9KMwSfFPJ_-vipDANTSj6LB4TPFlk8  
[2026-08-22 13:23:56] local.ERROR: Erreur API Geocoding : {"error_message":"API keys with referer restrictions cannot be used with this API.","results":[],"status":"REQUEST_DENIED"}  
[2026-08-23 11:24:47] local.DEBUG: Début création de fiche. Adresse : 195 Rue du Géranium, Saint-Constant, QC, Canada  
[2026-08-23 11:24:47] local.DEBUG: Appel API Geocoding : https://maps.googleapis.com/maps/api/geocode/json?address=195+Rue+du+G%C3%A9ranium%2C+Saint-Constant%2C+QC%2C+Canada&key=AIzaSyBGG9KMwSfFPJ_-vipDANTSj6LB4TPFlk8  
[2026-08-23 11:24:48] local.ERROR: Erreur API Geocoding : {"error_message":"API keys with referer restrictions cannot be used with this API.","results":[],"status":"REQUEST_DENIED"}  
[2026-08-24 12:33:21] local.DEBUG: Début création de fiche. Adresse : 455 Rue des Dominicains, Trois-Rivières, QC, Canada  
[2026-08-24 12:33:21] local.DEBUG: Appel API Geocoding : https://maps.googleapis.com/maps/api/geocode/json?address=455+Rue+des+Dominicains%2C+Trois-Rivi%C3%A8res%2C+QC%2C+Canada&key=AIzaSyBGG9KMwSfFPJ_-vipDANTSj6LB4TPFlk8  
[2026-08-24 12:33:22] local.ERROR: Erreur API Geocoding : {"error_message":"API keys with referer restrictions cannot be used with this API.","results":[],"status":"REQUEST_DENIED"}  
[2026-08-24 13:14:26] local.DEBUG: Début création de fiche. Adresse : 1109 Rue St Paul, Trois-Rivières, QC, Canada  
[2026-08-24 13:14:26] local.DEBUG: Appel API Geocoding : https://maps.googleapis.com/maps/api/geocode/json?address=1109+Rue+St+Paul%2C+Trois-Rivi%C3%A8res%2C+QC%2C+Canada&key=AIzaSyBGG9KMwSfFPJ_-vipDANTSj6LB4TPFlk8  
[2026-08-24 13:14:26] local.ERROR: Erreur API Geocoding : {"error_message":"API keys with referer restrictions cannot be used with this API.","results":[],"status":"REQUEST_DENIED"}  
[2026-08-24 14:08:44] local.DEBUG: Début création de fiche. Adresse : 80 Rue Julien Brousseau, Trois-Rivières, QC, Canada  
[2026-08-24 14:08:44] local.DEBUG: Appel API Geocoding : https://maps.googleapis.com/maps/api/geocode/json?address=80+Rue+Julien+Brousseau%2C+Trois-Rivi%C3%A8res%2C+QC%2C+Canada&key=AIzaSyBGG9KMwSfFPJ_-vipDANTSj6LB4TPFlk8  
[2026-08-24 14:08:44] local.ERROR: Erreur API Geocoding : {"error_message":"API keys with referer restrictions cannot be used with this API.","results":[],"status":"REQUEST_DENIED"}  
[2026-08-24 16:02:17] local.DEBUG: Début création de fiche. Adresse : 302 Av. Perrin #300, Laval-des-rapides, Laval, QC H7N 4A4, Canada  
[2026-08-24 16:02:17] local.DEBUG: Appel API Geocoding : https://maps.googleapis.com/maps/api/geocode/json?address=302+Av.+Perrin+%23300%2C+Laval-des-rapides%2C+Laval%2C+QC+H7N+4A4%2C+Canada&key=AIzaSyBGG9KMwSfFPJ_-vipDANTSj6LB4TPFlk8  
[2026-08-24 16:02:18] local.ERROR: Erreur API Geocoding : {"error_message":"API keys with referer restrictions cannot be used with this API.","results":[],"status":"REQUEST_DENIED"}  
[2026-08-24 17:54:20] local.DEBUG: Début création de fiche. Adresse : 107 Rue Cotreau, Farnham, QC, Canada  
[2026-08-24 17:54:20] local.DEBUG: Appel API Geocoding : https://maps.googleapis.com/maps/api/geocode/json?address=107+Rue+Cotreau%2C+Farnham%2C+QC%2C+Canada&key=AIzaSyBGG9KMwSfFPJ_-vipDANTSj6LB4TPFlk8  
[2026-08-24 17:54:20] local.ERROR: Erreur API Geocoding : {"error_message":"API keys with referer restrictions cannot be used with this API.","results":[],"status":"REQUEST_DENIED"}  
[2026-08-25 10:55:18] local.DEBUG: Début création de fiche. Adresse : 51 Rue Greenfield, Greenfield Park, QC, Canada  
[2026-08-25 10:55:18] local.DEBUG: Appel API Geocoding : https://maps.googleapis.com/maps/api/geocode/json?address=51+Rue+Greenfield%2C+Greenfield+Park%2C+QC%2C+Canada&key=AIzaSyBGG9KMwSfFPJ_-vipDANTSj6LB4TPFlk8  
[2026-08-25 10:55:18] local.ERROR: Erreur API Geocoding : {"error_message":"API keys with referer restrictions cannot be used with this API.","results":[],"status":"REQUEST_DENIED"}  
[2026-08-26 12:47:16] local.DEBUG: Début création de fiche. Adresse : 66 Rue Toupin, Trois-Rivières, QC, Canada  
[2026-08-26 12:47:16] local.DEBUG: Appel API Geocoding : https://maps.googleapis.com/maps/api/geocode/json?address=66+Rue+Toupin%2C+Trois-Rivi%C3%A8res%2C+QC%2C+Canada&key=AIzaSyBGG9KMwSfFPJ_-vipDANTSj6LB4TPFlk8  
[2026-08-26 12:47:16] local.ERROR: Erreur API Geocoding : {"error_message":"API keys with referer restrictions cannot be used with this API.","results":[],"status":"REQUEST_DENIED"}  
[2026-08-26 13:21:18] local.DEBUG: Début création de fiche. Adresse : 1477 Rue Edgar-Lampron, Nicolet, QC, Canada  
[2026-08-26 13:21:18] local.DEBUG: Appel API Geocoding : https://maps.googleapis.com/maps/api/geocode/json?address=1477+Rue+Edgar-Lampron%2C+Nicolet%2C+QC%2C+Canada&key=AIzaSyBGG9KMwSfFPJ_-vipDANTSj6LB4TPFlk8  
[2026-08-26 13:21:19] local.ERROR: Erreur API Geocoding : {"error_message":"API keys with referer restrictions cannot be used with this API.","results":[],"status":"REQUEST_DENIED"}  
[2026-08-26 18:29:07] local.DEBUG: Début création de fiche. Adresse : 1675 Croissant Séguin, Brossard, QC, Canada  
[2026-08-26 18:29:07] local.DEBUG: Appel API Geocoding : https://maps.googleapis.com/maps/api/geocode/json?address=1675+Croissant+S%C3%A9guin%2C+Brossard%2C+QC%2C+Canada&key=AIzaSyBGG9KMwSfFPJ_-vipDANTSj6LB4TPFlk8  
[2026-08-26 18:29:07] local.ERROR: Erreur API Geocoding : {"error_message":"API keys with referer restrictions cannot be used with this API.","results":[],"status":"REQUEST_DENIED"}  
[2026-08-26 18:31:17] local.DEBUG: Début création de fiche. Adresse : 6633 Boulevard des Mille-Îles, Laval, QC, Canada  
[2026-08-26 18:31:17] local.DEBUG: Appel API Geocoding : https://maps.googleapis.com/maps/api/geocode/json?address=6633+Boulevard+des+Mille-%C3%8Eles%2C+Laval%2C+QC%2C+Canada&key=AIzaSyBGG9KMwSfFPJ_-vipDANTSj6LB4TPFlk8  
[2026-08-26 18:31:18] local.ERROR: Erreur API Geocoding : {"error_message":"API keys with referer restrictions cannot be used with this API.","results":[],"status":"REQUEST_DENIED"}  
[2026-08-27 15:12:28] local.DEBUG: Début création de fiche. Adresse : 720 Route du Lac Ouest, Alma, QC, Canada  
[2026-08-27 15:12:28] local.DEBUG: Appel API Geocoding : https://maps.googleapis.com/maps/api/geocode/json?address=720+Route+du+Lac+Ouest%2C+Alma%2C+QC%2C+Canada&key=AIzaSyBGG9KMwSfFPJ_-vipDANTSj6LB4TPFlk8  
[2026-08-27 15:12:28] local.ERROR: Erreur API Geocoding : {"error_message":"API keys with referer restrictions cannot be used with this API.","results":[],"status":"REQUEST_DENIED"}  
[2026-08-27 15:37:03] local.DEBUG: Début création de fiche. Adresse : 400 Rang des Martin, Saint-Léonard-d'Aston, Québec J0C 1M0, Canada  
[2026-08-27 15:37:03] local.DEBUG: Appel API Geocoding : https://maps.googleapis.com/maps/api/geocode/json?address=400+Rang+des+Martin%2C+Saint-L%C3%A9onard-d%27Aston%2C+Qu%C3%A9bec+J0C+1M0%2C+Canada&key=AIzaSyBGG9KMwSfFPJ_-vipDANTSj6LB4TPFlk8  
[2026-08-27 15:37:04] local.ERROR: Erreur API Geocoding : {"error_message":"API keys with referer restrictions cannot be used with this API.","results":[],"status":"REQUEST_DENIED"}  
